{"type":"FeatureCollection","features":[{"type":"Feature","id":81,"geometry":{"type":"MultiPolygon","coordinates":[[[[-122.89090856159952,47.018667804171308],[-122.89090682515607,47.018888676114216],[-122.891537418231,47.018890268439797],[-122.89153892201078,47.018670800205484],[-122.89090856159952,47.018667804171308]]],[[[-122.89090856159952,47.018667804171308],[-122.8909102315676,47.018450060260349],[-122.89023533358286,47.018452797245494],[-122.8902417358759,47.017847815383696],[-122.8907468136444,47.017847103722758],[-122.89091495760434,47.017846867319051],[-122.89091343585824,47.018038824347364],[-122.89161737188455,47.018040466918571],[-122.89161736918959,47.018016093532552],[-122.89161227753856,47.017848715065185],[-122.89205680975523,47.017850445221882],[-122.89204777270346,47.017585491128756],[-122.89204653841827,47.017549125186335],[-122.89204186538215,47.017411999674707],[-122.8920390168244,47.017320119254222],[-122.89203719414266,47.017274873810898],[-122.89219606838721,47.017275417667761],[-122.89239471104935,47.017276096876387],[-122.89243447946698,47.017276231615703],[-122.89283176479128,47.017277588195597],[-122.89282030318657,47.016948518264989],[-122.89281075499341,47.01667424359367],[-122.89241446679905,47.016672894347934],[-122.89233501081219,47.016672622416429],[-122.89201720213603,47.016671727614778],[-122.89202964649766,47.017055473656193],[-122.89158809578943,47.017053608733868],[-122.89158897434179,47.017082485931098],[-122.89133574914464,47.01708090825047],[-122.89132197168314,47.016669471318146],[-122.8911432419759,47.016673180365977],[-122.89090567441419,47.016678110042918],[-122.89074708493561,47.016681400168743],[-122.89075261945607,47.016996143371202],[-122.89025073609675,47.016997335207925],[-122.89024842562982,47.017215690758178],[-122.89075115430383,47.017215610526954],[-122.89074980862755,47.017407756009405],[-122.89024639992884,47.017407147234188],[-122.89024409754678,47.017624744123601],[-122.88965570193399,47.017623647230259],[-122.88965456107358,47.017788550285879],[-122.88965340673843,47.017953152122352],[-122.88906476858052,47.017951916823471],[-122.88847755874392,47.017949911682848],[-122.88789638828096,47.017951569567913],[-122.88789632450059,47.017619294566153],[-122.88847983237989,47.017620708707369],[-122.88847867445151,47.017785310448787],[-122.88906570372673,47.017786513904376],[-122.88906663078812,47.017622535025673],[-122.88906756323938,47.017457630844945],[-122.88965684369272,47.017459677038161],[-122.88965739974988,47.017377376035178],[-122.88965795760365,47.017295076130267],[-122.8896589116145,47.017157907706952],[-122.88965911193883,47.017130474102494],[-122.88966022405315,47.016965874017146],[-122.88940837507502,47.016965422637803],[-122.88907035430496,47.016963972956837],[-122.88873583247293,47.016963230661347],[-122.88873868013239,47.016661830286786],[-122.88848644577703,47.016661220890647],[-122.88823429676162,47.016660609657045],[-122.88798210372875,47.016659969637963],[-122.88789613854932,47.016660027821494],[-122.88789619693983,47.016961204660142],[-122.88755993776604,47.016960284140239],[-122.88737079029643,47.016958878555869],[-122.8873077824624,47.016959587778835],[-122.88731061934207,47.016657831545309],[-122.88714249065349,47.016657376488645],[-122.8870584254109,47.016657135792435],[-122.88678001414816,47.016655681815855],[-122.8867746565958,47.016957475421279],[-122.88676881395318,47.017286636551965],[-122.88730538575723,47.017288134607817],[-122.8873042143541,47.017452517505141],[-122.88730302049309,47.017617338408805],[-122.88730185897141,47.017781940773119],[-122.88730069655145,47.017946541405067],[-122.88729949280895,47.01811114459187],[-122.88675422621128,47.018108450460097],[-122.88676301892131,47.017613088635379],[-122.8861760444433,47.017616183332812],[-122.88617541921586,47.017436378848522],[-122.88617484698901,47.017271812166072],[-122.88617427476218,47.017107246201363],[-122.88617370343368,47.016942679116958],[-122.88617250687771,47.016590431055491],[-122.88612312828317,47.016590776482531],[-122.88454728923871,47.016582301270269],[-122.88454222813041,47.016224935536727],[-122.8849799807616,47.016226211298154],[-122.88504014003789,47.016226394424727],[-122.88527977282644,47.016227090795653],[-122.88540109389882,47.016227462561012],[-122.88560063397794,47.016228355532682],[-122.88577107223512,47.016228588881283],[-122.88592147895977,47.016229263815966],[-122.8860788844588,47.016229491652375],[-122.88622123239703,47.01622992037678],[-122.88621962620928,47.015904226033513],[-122.8862195157165,47.015872683965462],[-122.88621921747584,47.015812344856052],[-122.88621801552998,47.015588131409153],[-122.8862176094915,47.015507222119695],[-122.88621701301014,47.015389286886226],[-122.8862159997105,47.015191127595209],[-122.88621499719063,47.014992282818902],[-122.88621397580616,47.014793959135012],[-122.88628114912815,47.014794106130218],[-122.88632423412582,47.014794071831311],[-122.88670319022503,47.014793794377916],[-122.88674727325099,47.01479376497889],[-122.88684813249783,47.01479369821859],[-122.88722534227215,47.014793303781524],[-122.88722633670717,47.014724126581768],[-122.88722598456758,47.014581306304855],[-122.88722567644544,47.014445727655968],[-122.8872266322529,47.014390162476211],[-122.88722667447371,47.014168693737474],[-122.88722673915242,47.013936371988251],[-122.8872270670375,47.013718810905544],[-122.88722699337566,47.013527516378666],[-122.8872272143612,47.013313531837142],[-122.88722659991356,47.013080797218038],[-122.88686442344552,47.013081316617644],[-122.88665798610164,47.013081524254986],[-122.88645996417536,47.013081877667219],[-122.88632399786891,47.01308366004082],[-122.88615149348655,47.013082372566863],[-122.88582275051677,47.013082918303908],[-122.8854929870608,47.013086638625857],[-122.88538003649026,47.013087047775485],[-122.88516323079138,47.013087833612332],[-122.88448288362611,47.013090025747871],[-122.88447801565556,47.012939423561477],[-122.88448091541731,47.011977507545517],[-122.88448170054487,47.011716995672899],[-122.88448326720675,47.011196944474129],[-122.88448341632706,47.011147462542752],[-122.88448437842275,47.010832172184116],[-122.88448801659962,47.009416978583864],[-122.88460828394821,47.009416549804776],[-122.88496895394151,47.009415894997836],[-122.88508522288873,47.009415685508586],[-122.88573748512495,47.009414486152174],[-122.88645437306104,47.009408461805322],[-122.88652376701842,47.009361422260376],[-122.88712488367395,47.009357791110105],[-122.88719949324987,47.009357340278996],[-122.88720163932507,47.008944623032811],[-122.88720762659644,47.007766891086717],[-122.88837647312164,47.007769777471673],[-122.88869694709926,47.007770567062082],[-122.88869618083631,47.007538072915239],[-122.88869505884051,47.007194942137133],[-122.88869386947107,47.006838534127489],[-122.88869210697649,47.006344743769077],[-122.88869179526108,47.006248728396017],[-122.88869156888562,47.006166428492349],[-122.88868872302281,47.005361276364269],[-122.88868261537719,47.003633502573969],[-122.88629913340016,47.003627846365028],[-122.88470896712523,47.003632957352941],[-122.88252625681758,47.003640106486529],[-122.88252632958111,47.003654500317708],[-122.88235324129383,47.003655095772324],[-122.88081170352018,47.003660156523772],[-122.88080699724642,47.003467247886412],[-122.88080807522475,47.003426493391856],[-122.88082211679097,47.002880558068874],[-122.88082499768808,47.002768564912877],[-122.88084531937643,47.002275297482818],[-122.87985016750132,47.002278355699055],[-122.87984807263008,47.00200468202376],[-122.88000840663693,47.002004083487606],[-122.88000554370613,47.001566413308922],[-122.87979180305899,47.001567150917381],[-122.87954573294313,47.001567999412103],[-122.87931110107574,47.001568808085757],[-122.8790825714641,47.001569594704669],[-122.87907287864218,47.00156962839943],[-122.87880454647691,47.001570567563604],[-122.87860156674856,47.001571276990923],[-122.87854545977255,47.001571472420359],[-122.87829175936666,47.001572352159243],[-122.87824365727815,47.001572484487653],[-122.87824449540632,47.001725530036694],[-122.87822076550974,47.001725616417488],[-122.87822301219629,47.002176854315678],[-122.87822538374863,47.002650837407195],[-122.87822678062889,47.002925211668312],[-122.87822689202,47.002947683643988],[-122.87819985632319,47.002948251538761],[-122.87820275877986,47.003410395217024],[-122.87820325824319,47.003489908317817],[-122.8778469747234,47.003491195410447],[-122.87737919859877,47.0034930552929],[-122.87721180024052,47.003493514137425],[-122.87721539978983,47.004206036709711],[-122.87721584355759,47.004288176681975],[-122.87721821690658,47.004754342707372],[-122.87722299414727,47.00569745077626],[-122.877230672048,47.007205314121315],[-122.87674962421336,47.007206275851416],[-122.87650206648736,47.007206779993979],[-122.87625346402066,47.00720727862344],[-122.87600494509731,47.007207829321054],[-122.87575429716675,47.007208286295977],[-122.87535450554282,47.007209814037772],[-122.8748183343874,47.007211785890519],[-122.87469807153043,47.007212223263252],[-122.87434429880186,47.00721352313009],[-122.87429619222176,47.007213708125256],[-122.87399152769483,47.007214827897421],[-122.87363775496627,47.007216125313889],[-122.87311761694204,47.007218028558952],[-122.87191102051368,47.007222455578884],[-122.87129663843633,47.007224705536409],[-122.87049484712951,47.00722763544286],[-122.87009506628533,47.007228954298881],[-122.86977540887632,47.007230021389979],[-122.86947479125976,47.007230997208623],[-122.8693575557253,47.007231489712218],[-122.8691541322292,47.007232055723776],[-122.86885752469206,47.007233057270163],[-122.86883347409697,47.007233113626292],[-122.86849978859648,47.007234218083902],[-122.8683595013935,47.007234690372741],[-122.86787851284764,47.007236273857323],[-122.86772634991661,47.007236774936821],[-122.86743503525314,47.007237733603461],[-122.86734574001895,47.007238026410256],[-122.86718502153315,47.007238555055189],[-122.86702422040234,47.007239084312694],[-122.86686344262775,47.007239612345046],[-122.86667870408955,47.007240218785903],[-122.86651825330171,47.00724074559313],[-122.86635791390496,47.007241271175204],[-122.86619759786443,47.007241797369836],[-122.86601324290687,47.007242401972938],[-122.86579680192399,47.007243110712416],[-122.86537513901784,47.007244491437227],[-122.86535533026752,47.00724455698186],[-122.86511174129843,47.00724402588672],[-122.86507166206371,47.007243772284198],[-122.86507498403364,47.007806081467059],[-122.86511568669917,47.008149353495149],[-122.86507676718946,47.008149050892413],[-122.86507891775626,47.008513102157067],[-122.8650792483363,47.008567448349027],[-122.86503712184106,47.008567111445807],[-122.86503439006427,47.008772830893591],[-122.86503339742588,47.00903703852812],[-122.86503348725741,47.009046888265608],[-122.8650335393597,47.009055679522284],[-122.86503504493609,47.009256382808289],[-122.86503575640181,47.009389621858176],[-122.86503674005706,47.009611670276669],[-122.86504118402277,47.009786421948526],[-122.86504463355345,47.009923299363763],[-122.86504770579172,47.010087253495008],[-122.86512828646934,47.010087904005992],[-122.86513499508789,47.01087147424505],[-122.86400388049955,47.010862388050228],[-122.86321093849658,47.010856011664742],[-122.86256837806543,47.010850840727954],[-122.86206866773077,47.010846817050272],[-122.86170795641495,47.010843911230829],[-122.86130752878377,47.010840683222924],[-122.8607872811651,47.010836488649964],[-122.86048184588364,47.01083402507323],[-122.86005085397326,47.010830546541868],[-122.85939557788927,47.010825254935114],[-122.85890798313282,47.010821315171512],[-122.85836643286549,47.010816937451906],[-122.85790559442977,47.01081320962156],[-122.8577292488513,47.010811783049519],[-122.85736849800961,47.01080886314007],[-122.85700778579549,47.010805942617914],[-122.8565668845692,47.010802370980841],[-122.85594562768502,47.010797336019586],[-122.8553243699025,47.010792297382686],[-122.8549656636264,47.010789386660029],[-122.85484323133801,47.01078837660495],[-122.85377614506989,47.010779570932833],[-122.85353544777772,47.010777582673633],[-122.85243226001496,47.010768467674076],[-122.84968640483881,47.010745730089283],[-122.84723929249525,47.01072541258727],[-122.84633764715637,47.010717913424088],[-122.84583619947995,47.010713739667423],[-122.84533575522168,47.010709572035665],[-122.84440410705062,47.010701807033641],[-122.84428379568462,47.010701761094126],[-122.84415546505807,47.010701710866897],[-122.84294736754487,47.010701235546108],[-122.84254633714414,47.010701075064055],[-122.84214631105993,47.010700913356963],[-122.84214634519591,47.010619094409527],[-122.84098382281032,47.010619029481582],[-122.83908446360111,47.010618910651189],[-122.83908421297114,47.008894331064532],[-122.83908414739413,47.008648467998405],[-122.83908409259692,47.007113331605154],[-122.83908411774974,47.007085899578847],[-122.83908407463061,47.004470295725362],[-122.83908409529187,47.00440171652798],[-122.83908408900366,47.00346937057931],[-122.83882356229989,47.003469376092795],[-122.83824311767567,47.003469094904908],[-122.83818297546742,47.003469066724833],[-122.83772693493364,47.003469582542273],[-122.83748728956867,47.003469422038535],[-122.8370462886294,47.00346911879668],[-122.83653708759374,47.003468778185635],[-122.8361862595427,47.003468543556089],[-122.83619728995608,47.003234144451099],[-122.83620704386341,47.003181147320454],[-122.83619289809266,47.002874876050342],[-122.83618557592476,47.002704257158072],[-122.8360022558264,47.00258989095591],[-122.83573858681578,47.002424977112732],[-122.83558543753459,47.002219495420562],[-122.8353898132118,47.002051876915473],[-122.83510009305792,47.00207400741332],[-122.83504668911262,47.002090825825874],[-122.83467869964637,47.002181008522882],[-122.83425512871854,47.002260618410077],[-122.83408022313944,47.002186217056462],[-122.83385594435573,47.002090808059755],[-122.8338088636517,47.002091541372558],[-122.83381579774738,47.000750457768],[-122.83374676581104,47.000750474921915],[-122.83348227933351,47.000752731278467],[-122.83348220118008,47.000761720557946],[-122.8334817313612,47.00081569724977],[-122.83348159930885,47.000835094047545],[-122.83347933555436,47.000878619036811],[-122.83347865732631,47.000903019236326],[-122.83347445141413,47.000941452529787],[-122.83347418551281,47.000970782602153],[-122.83346383602243,47.001066999829739],[-122.83345934175104,47.001135202860674],[-122.83343986717401,47.00125522189861],[-122.83342738598147,47.001317604662354],[-122.83341329321127,47.001379826843213],[-122.83339262926479,47.001459902912629],[-122.83336158528522,47.00156536815944],[-122.83335728415163,47.001578210141503],[-122.833334072583,47.001646568128017],[-122.83331119249272,47.00170866494927],[-122.83328517728208,47.001774281865842],[-122.8332573016605,47.001839551341511],[-122.83322768690053,47.001904472152304],[-122.83319633120551,47.00196896098214],[-122.83316315372716,47.002033074806917],[-122.83315503205867,47.002048462137893],[-122.83312826944972,47.002096674561919],[-122.83312235134862,47.002107326893231],[-122.8330910333829,47.002159635273578],[-122.83305334995504,47.002222467872627],[-122.83285624071706,47.002518124329775],[-122.83246555262022,47.003104016215865],[-122.83240536639451,47.003214399947716],[-122.83236673883729,47.003291707937784],[-122.83234563651294,47.003334512332664],[-122.83228646807846,47.003466764537272],[-122.83217613070703,47.003775797106265],[-122.83212804119496,47.003960797748526],[-122.83207978549451,47.004239261131985],[-122.83206227822792,47.004449271347902],[-122.83206036212144,47.00463946447524],[-122.83207555892109,47.00486969422748],[-122.83209938583568,47.005040252908401],[-122.83214094279906,47.005239999102969],[-122.83218513452113,47.005399176562264],[-122.83222500624501,47.005515596265646],[-122.83224801479439,47.005582777338027],[-122.83229377677161,47.005696250111214],[-122.83232331786971,47.005763386850376],[-122.83237815462792,47.005878076440609],[-122.83243352588372,47.005983730829179],[-122.83252175841093,47.006136622235459],[-122.83261052274075,47.006285113060294],[-122.83271267915488,47.006455994337422],[-122.83273514242688,47.006493646890981],[-122.83275138306891,47.006520780284966],[-122.83284961115028,47.006685128943836],[-122.83286159108292,47.006705171712483],[-122.8329515106462,47.006855603419346],[-122.83304036480762,47.007004258251776],[-122.83308723350923,47.007082678082085],[-122.83309214010731,47.007090507317358],[-122.83311466715971,47.007130544762639],[-122.83311943990881,47.007138952254813],[-122.83316172360921,47.007213322820718],[-122.83318237138604,47.00725348023699],[-122.83319418513031,47.007276505376858],[-122.83322636907199,47.007339748502211],[-122.83323875594147,47.007366794482152],[-122.83325565415029,47.00740365250995],[-122.83328450085067,47.007467648938402],[-122.83331108199992,47.007532073471793],[-122.83331973097948,47.007555161585579],[-122.83333539669972,47.007596955511708],[-122.83335935297171,47.007661899954059],[-122.83338016244528,47.007727317827033],[-122.83340097281715,47.007792763797681],[-122.83341927060118,47.007858534344663],[-122.83342409994414,47.007877640069971],[-122.83343589482384,47.007924558409911],[-122.83344332299291,47.007957519569622],[-122.83345084189185,47.007990725119583],[-122.83345908393459,47.008034257755405],[-122.83346343357718,47.00805713125709],[-122.83347562371557,47.008123572840361],[-122.83347912714517,47.008147286118231],[-122.83348545936963,47.00819022628523],[-122.83348988986062,47.008229035345629],[-122.83349309325291,47.008256978268214],[-122.83350004711153,47.008323772434053],[-122.83350778879264,47.008457592059983],[-122.83351694711695,47.008738553255903],[-122.83352184203693,47.008889453348111],[-122.83352673156703,47.009040171700406],[-122.83352767569639,47.00906927190978],[-122.83353160672409,47.009190878601615],[-122.83354549018679,47.009617599657062],[-122.83356878619706,47.010334958556953],[-122.83357433958216,47.010506596214753],[-122.83357861556289,47.010638124419053],[-122.83358056131381,47.010697497907223],[-122.83376134995969,47.014272129227948],[-122.83377523521902,47.016426671439568],[-122.83378017864804,47.017206141403918],[-122.83379063054637,47.018945065846346],[-122.83379343688331,47.019221643223219],[-122.83380590549946,47.019499592226367],[-122.83380796892965,47.019575341297589],[-122.83380892294049,47.019590929962611],[-122.83382033423953,47.019777447919182],[-122.83383313972394,47.019924630659673],[-122.8338444575982,47.02005502780208],[-122.83387562285033,47.02033227492457],[-122.8339171905935,47.020608931465922],[-122.83392345903754,47.020667781279656],[-122.83392591233658,47.020682846625576],[-122.83395915269705,47.020885442657381],[-122.83400436490528,47.021123842324641],[-122.8340114705792,47.021161197931498],[-122.8340708168801,47.021436294059768],[-122.83412468974602,47.021658858862665],[-122.83439019221814,47.021654749038369],[-122.83452320306731,47.021652701168733],[-122.83524283984814,47.021641540767625],[-122.83556981762842,47.021636476820618],[-122.8387341844207,47.021587420995495],[-122.83900228841388,47.021583248700686],[-122.839009317731,47.024636192475157],[-122.83901852097107,47.028988846417086],[-122.83902621234654,47.033560280904695],[-122.83902741249574,47.034163445092382],[-122.83908664920222,47.0351486547683],[-122.83904502306859,47.035149437831421],[-122.83904515961251,47.036074546967555],[-122.83904509493381,47.036295645664907],[-122.83904508145905,47.03636487389371],[-122.83904506798433,47.036434130807628],[-122.83904505450963,47.03650338579493],[-122.83904501678036,47.036641624282325],[-122.83904497186461,47.036846598861004],[-122.83904494311851,47.036983820165197],[-122.83904491347411,47.037122456577862],[-122.83904488293139,47.03726418374],[-122.83904485238865,47.03740308084241],[-122.83904482274426,47.037543268753005],[-122.83904479669313,47.037682714287882],[-122.83904474548915,47.037886504516884],[-122.83904476345546,47.037903592658886],[-122.83904449665583,47.038940842794169],[-122.83908220343987,47.038945170456238],[-122.83908281159931,47.039223286748026],[-122.83904444545185,47.03921882626117],[-122.83904436819674,47.0396700663457],[-122.83900402575564,47.039669939009229],[-122.83900384968587,47.039690132241844],[-122.83900378051557,47.039698025874507],[-122.83899878678091,47.040270110944071],[-122.83900014862687,47.040308340824083],[-122.83904391364919,47.040318713110779],[-122.83904335130384,47.041144990921104],[-122.83904260839708,47.042159134285185],[-122.83904181338808,47.043313537024325],[-122.83904236675029,47.04512150617294],[-122.83904266049937,47.045412455990565],[-122.82344767899498,47.046812261339596],[-122.82321317468838,47.046831641432128],[-122.82320424273952,47.047729509648242],[-122.82320525514083,47.047910886805482],[-122.82320906130271,47.047999183988345],[-122.82320707063603,47.048110853979608],[-122.82319590008545,47.048483177613356],[-122.82319691338512,47.048664555268275],[-122.82319553357283,47.048948308416975],[-122.82318454987187,47.049167137405874],[-122.82318257088329,47.049436948316924],[-122.82317984808965,47.050478879361869],[-122.82328539025409,47.050516625735845],[-122.82488746100313,47.050518986490033],[-122.82492759593339,47.050519056878038],[-122.82494766339853,47.05051909176607],[-122.824940920644,47.05110898140213],[-122.82493609938587,47.051533577177857],[-122.82588042458221,47.051535169141701],[-122.82588777369956,47.050819678511601],[-122.82588759583312,47.050725038244408],[-122.82589083605636,47.050520460354647],[-122.82591491809249,47.050520496466753],[-122.82843788507697,47.050524151136671],[-122.82977048819023,47.050526063855308],[-122.83224704371557,47.050529578972963],[-122.83229114560612,47.050529641404097],[-122.83230550337932,47.050529672619646],[-122.83262575098146,47.050530378948331],[-122.83265230518127,47.050530437707025],[-122.83354939246838,47.05053144150164],[-122.83353944003336,47.05174264734503],[-122.83349350198637,47.051961857807619],[-122.83349079715903,47.052290887559657],[-122.83353312038534,47.052510428110459],[-122.83352089072108,47.053986718108078],[-122.83355958295699,47.054226432063906],[-122.8335609367181,47.054910219059771],[-122.83356145414771,47.055171966363851],[-122.83356257794014,47.055738967995417],[-122.8335603186772,47.056314979022687],[-122.83356009858997,47.056997913655756],[-122.83352256338412,47.056997812064488],[-122.83352255440096,47.057133927685456],[-122.83352251846836,47.057663829337521],[-122.83352251128184,47.057766837227909],[-122.83356631044015,47.057764605311839],[-122.83380159358609,47.057768673188463],[-122.83384169887195,47.057768824961165],[-122.83417394796631,47.057770109521492],[-122.83424219657171,47.05777037818374],[-122.83449411202514,47.05777133410713],[-122.8346436545705,47.05777188428327],[-122.83481523907797,47.05777253849714],[-122.83504507484004,47.057773416698183],[-122.83513640655498,47.057773768590557],[-122.83545207454584,47.057774971756523],[-122.83577878283148,47.057776226329402],[-122.83584699011439,47.057776468064148],[-122.83609894599203,47.057777419703534],[-122.83624845080811,47.057777995583031],[-122.83642007484146,47.057778646124895],[-122.83664991060354,47.057779521265893],[-122.83674124231848,47.057779871934287],[-122.83705136950064,47.05778104633675],[-122.83741770157518,47.057782428202678],[-122.83745282929607,47.057782568959617],[-122.83752007268664,47.057782802738522],[-122.83785328657164,47.057784083626622],[-122.83825474636703,47.05778560380142],[-122.83874452672457,47.057787450165094],[-122.83898512160879,47.057788350397409],[-122.83898583307449,47.058239513581505],[-122.83898656969305,47.058693109225636],[-122.83898803933683,47.059613253431671],[-122.83898862593674,47.059983506057193],[-122.83898901580554,47.060233083530704],[-122.83898938770808,47.060465518954537],[-122.8389898350691,47.060739670199041],[-122.83899061480676,47.061228649398046],[-122.83899050431398,47.061411836065126],[-122.83899294144335,47.062768623900816],[-122.83899421794938,47.06368054395243],[-122.83899614034408,47.065037452114488],[-122.83900212312386,47.06860859959658],[-122.83900230997347,47.068718556052424],[-122.83926762110441,47.068719411434323],[-122.84167598282154,47.068727219393651],[-122.84232350105478,47.068729304004194],[-122.84299511210389,47.068731474275175],[-122.8443615637371,47.06873585030484],[-122.84440462897182,47.068763989782283],[-122.84454360193953,47.068765390943106],[-122.84490273850865,47.068769543029006],[-122.84544492478324,47.068775840909382],[-122.84664864660266,47.068789759509876],[-122.8478002032536,47.068803053397552],[-122.84816062980349,47.068807217105878],[-122.84820078808993,47.06880769068561],[-122.84880317226832,47.068814640192429],[-122.84900296297742,47.06881694017428],[-122.84940455213022,47.068821580520378],[-122.84947679913694,47.068822414485531],[-122.8496289216438,47.068824174194695],[-122.84974923390811,47.068825561893021],[-122.84974838410183,47.068413023538284],[-122.84974718305432,47.067830172769646],[-122.84974157307535,47.065120447567473],[-122.84974079154107,47.064609050092237],[-122.84974019416141,47.06422315544647],[-122.84973994532808,47.064062526272814],[-122.84973851071855,47.06403941119413],[-122.84973819271495,47.064026419628277],[-122.84973819630821,47.064013422552001],[-122.84973852239666,47.064000445053821],[-122.84973916918365,47.063987462045283],[-122.8497401761951,47.06397447107863],[-122.84974120746102,47.063964128480137],[-122.84974311817764,47.063948580923281],[-122.84974296366742,47.063935664600947],[-122.84974018787318,47.063704161571948],[-122.84973986717462,47.063593618343539],[-122.84973983303867,47.063579910110512],[-122.84973830230943,47.062962951531851],[-122.84973826817343,47.062949242524773],[-122.8496146878381,47.06294926394223],[-122.84961350655352,47.06240236328982],[-122.84961248516902,47.061917103207414],[-122.84961180514436,47.061579913230098],[-122.84961162997287,47.061497404879908],[-122.84960916319912,47.060833899821127],[-122.84960484140427,47.059849691347623],[-122.8496033313363,47.059662486658169],[-122.84959887928575,47.059654456451632],[-122.84959767644156,47.059646386466106],[-122.84959667482003,47.059638314031496],[-122.84959591304867,47.059630236087976],[-122.84959517732845,47.059619113614481],[-122.84960146733206,47.059061163305806],[-122.84960446770512,47.058769273895692],[-122.84959971382065,47.058509577241232],[-122.84959773034049,47.057873604347186],[-122.84959584208177,47.05705097426651],[-122.85052342627448,47.057062707434703],[-122.85374541280571,47.057103903857723],[-122.85374682765227,47.057531330703604],[-122.85374797659753,47.057871851620327],[-122.85374817782014,47.057926716105285],[-122.85398894607923,47.057929808465481],[-122.8539887502465,47.057875081068481],[-122.85398545702267,47.056890306347341],[-122.85490842207818,47.056902082390607],[-122.85490840321359,47.056859394986333],[-122.85490587715097,47.056121458876056],[-122.85490277616663,47.055214181418478],[-122.85489969674185,47.054319111305418],[-122.85490284443857,47.053436468873521],[-122.85490496536099,47.052839838229275],[-122.85490555196085,47.052675215438292],[-122.8549104334061,47.05222122279342],[-122.85491110265097,47.051754202960886],[-122.85491245281885,47.050837252776461],[-122.85699687575637,47.050849084018274],[-122.85857045913114,47.050857984072827],[-122.85919717328066,47.050861518142611],[-122.85919813088476,47.050466956839415],[-122.85919871119643,47.050234470484952],[-122.85919941637395,47.049960149544653],[-122.85919987541305,47.049766753847692],[-122.8592008842211,47.049366246014195],[-122.85920095428972,47.049329693001354],[-122.85920182835049,47.048984748454963],[-122.85924192016161,47.048984783956008],[-122.85966759763876,47.048985153044846],[-122.85966773597933,47.048871916712194],[-122.86023119885137,47.048869920690144],[-122.86072889965477,47.048868190926711],[-122.86072667722277,47.048543840319013],[-122.86023184653672,47.048538517560644],[-122.85966815998414,47.048532453557328],[-122.85966688707137,47.048199196738658],[-122.85966683227413,47.048185838951731],[-122.85991319254587,47.048188701728407],[-122.86023249062877,47.048192109883146],[-122.86088411506114,47.048199351599123],[-122.86088403870434,47.0481884562776],[-122.86088132938545,47.047793208009423],[-122.86087920397146,47.047483874368595],[-122.86318907350257,47.047516687463919],[-122.86318955859284,47.047751022582311],[-122.86318968076371,47.0478031387402],[-122.86319079108141,47.048320871009125],[-122.86319209902844,47.048839295422468],[-122.86319348602724,47.04935703905695],[-122.86319354801098,47.049496253564662],[-122.86324081017473,47.049498337090938],[-122.86365481853636,47.049514675386511],[-122.8637001017115,47.049512694078452],[-122.86452389455629,47.049510878644448],[-122.86512988906382,47.049288840684589],[-122.86513072449702,47.050062468429786],[-122.86465425807033,47.050063852944028],[-122.86465457248067,47.050229863409072],[-122.86396938249771,47.050231409506338],[-122.86397277633286,47.050378867561619],[-122.86398108125766,47.050452653971007],[-122.86398593755008,47.050460894891543],[-122.86399007249534,47.050472393250473],[-122.86399291745985,47.050481888912408],[-122.86399515156995,47.050491458633182],[-122.86399720242375,47.050503212218786],[-122.86399813846828,47.050511792218352],[-122.86399865499956,47.050520396087258],[-122.86399861098211,47.050532240252863],[-122.86399763900498,47.050545145744714],[-122.86399564833829,47.050555829420873],[-122.86398997637559,47.050581291510547],[-122.86398355072636,47.05061431264005],[-122.86397793176427,47.050647428007615],[-122.86397315901516,47.050680580078733],[-122.86396927200491,47.050713796396366],[-122.86396618808855,47.050747023710521],[-122.86396398901275,47.050780315271012],[-122.8639634877528,47.050791792138739],[-122.86396259482741,47.050813619052079],[-122.86396208368602,47.050846930769211],[-122.86396241516438,47.050880254094757],[-122.86396363148326,47.050913557813381],[-122.86396564820106,47.05094684682166],[-122.86396854886112,47.050980117447232],[-122.86397221398748,47.051009806863391],[-122.8639768690573,47.051046497051217],[-122.86398239549293,47.051080153214698],[-122.8639902234123,47.051098510222829],[-122.86399234882626,47.051106723500709],[-122.86402385453992,47.051190983126673],[-122.86404251973489,47.051246948239779],[-122.86405792943525,47.051301881971263],[-122.86413757496666,47.051701228275988],[-122.86415033104369,47.051765268929636],[-122.86501297063464,47.051764169677533],[-122.86501309550047,47.051820237626451],[-122.8651336206655,47.051820789700145],[-122.8652493479286,47.051821355851111],[-122.86566484030708,47.051823475397818],[-122.86566494990156,47.051761752057274],[-122.86566517268373,47.051636522851318],[-122.86627670799992,47.05164149153152],[-122.86627694156189,47.051823933827066],[-122.86627746977126,47.052179135124312],[-122.86652129589558,47.052179574576925],[-122.86703612397817,47.052180495101581],[-122.86879207883035,47.052183576166037],[-122.86879094335984,47.051623307922533],[-122.86878866972386,47.050829015586494],[-122.86803040897904,47.050824312467455],[-122.86791238382543,47.050823587168644],[-122.86791120254085,47.048799715876804],[-122.87028374573269,47.048800277163124],[-122.87028403678683,47.048965228976542],[-122.87028424878923,47.049107458419599],[-122.8702843341292,47.049163444081557],[-122.87080095974063,47.049163363898316],[-122.87080636041216,47.049273377600429],[-122.8708055636065,47.049583043016483],[-122.87080463115521,47.049967435090103],[-122.87080366366966,47.05035835703697],[-122.87225304058336,47.050359661974213],[-122.8722530190238,47.050379575116409],[-122.87241578027853,47.050379600211372],[-122.87249039793932,47.050379623470072],[-122.87261382376441,47.050379627142519],[-122.87273825300765,47.050379665090965],[-122.87286171835864,47.050379667539246],[-122.87294396361446,47.050379697530765],[-122.8729840608155,47.050379692634152],[-122.87310853138126,47.0503797287464],[-122.87323191588386,47.050379732418847],[-122.8733544990892,47.050379752617189],[-122.87335494645022,47.050667118249514],[-122.87323263902765,47.050669752591546],[-122.87319327305526,47.050669660781303],[-122.87318947318163,47.051135914627103],[-122.87318935011244,47.051150619437507],[-122.87318799635129,47.051312288844258],[-122.87318636141748,47.05150670719572],[-122.87318614312686,47.051532644400851],[-122.87318553496743,47.051589254264286],[-122.87318464114369,47.051672550974679],[-122.87318349309679,47.051801915141866],[-122.87318169287292,47.05201339574554],[-122.87318037953601,47.052024614673726],[-122.87379110906338,47.052027612508027],[-122.87379120608144,47.052016214861069],[-122.87421701920418,47.052018212601517],[-122.87439872772494,47.052019040708998],[-122.87441864157813,47.0520191508785],[-122.87443791313592,47.052019246358718],[-122.87463852939675,47.052020176066939],[-122.87516141177419,47.05202259551163],[-122.87516149531751,47.052008960198137],[-122.87516204598478,47.051927339204624],[-122.87516258587226,47.051846404199658],[-122.87516316528564,47.051765468459806],[-122.87516429985783,47.051595123897783],[-122.8750230748137,47.051590890906667],[-122.87501438002005,47.051551804885598],[-122.87501494056879,47.051518875533304],[-122.87525678950115,47.051520022531022],[-122.87533909135085,47.051520406291743],[-122.87550072521994,47.051521181157838],[-122.87566486988023,47.051521080780226],[-122.87568944509144,47.051521253380727],[-122.87568682829901,47.051768335940785],[-122.87568594705174,47.051850621257032],[-122.8756851394663,47.051930930736624],[-122.87568426720216,47.052012530302747],[-122.87568340841273,47.052093471788197],[-122.87568253704693,47.052175099259998],[-122.87568168634233,47.052255327460308],[-122.87568085809565,47.052336981614538],[-122.87568004601863,47.05258155651385],[-122.8756729142936,47.052746509485935],[-122.87567331045064,47.052829537537896],[-122.87567366348854,47.052912538530727],[-122.87567242201681,47.052994831262197],[-122.87567118952826,47.053079182159465],[-122.87567135481825,47.053161529105331],[-122.87567039451922,47.053243844098034],[-122.87566937223643,47.053327504222807],[-122.87566917460707,47.053409803658411],[-122.87566921772618,47.053492125000318],[-122.8756480767743,47.053491920580328],[-122.87563752695961,47.054479619277082],[-122.87563722153241,47.054522784129134],[-122.87563601060339,47.054553045039327],[-122.8756702939079,47.054553131946712],[-122.87570550786705,47.054553213345883],[-122.87569980625993,47.055841953899893],[-122.87567262503606,47.055841857814507],[-122.87513816427295,47.055839925702223],[-122.87512990516224,47.057412156008461],[-122.87567780831527,47.057418384239725],[-122.87567635753609,47.057526107372496],[-122.87171252787016,47.057490897762349],[-122.87168417883643,47.059102664782543],[-122.87166721684723,47.059932882749472],[-122.87155049514912,47.059931789173383],[-122.87153123886267,47.061041209666293],[-122.87152046267254,47.061967131662584],[-122.87145338816524,47.061970916502958],[-122.87145167597629,47.062079876342644],[-122.87215545569573,47.062041902556977],[-122.87214457619933,47.062630279936904],[-122.8723153504264,47.062621941764043],[-122.87329927785204,47.062575280771398],[-122.87353957269899,47.062563876199789],[-122.87359943553119,47.06256211016462],[-122.87361068513353,47.062031007003654],[-122.87557603278684,47.062047720861109],[-122.87557257337468,47.062023111780157],[-122.87568119226894,47.062023891389181],[-122.87563365252578,47.064809094783854],[-122.87569691458302,47.064809645499253],[-122.87568996970758,47.065223325402748],[-122.87568390607939,47.065587287316461],[-122.87568298350961,47.065643506555546],[-122.87568242116426,47.065676047810356],[-122.87567946480866,47.065839992872029],[-122.87566548253126,47.066662472053139],[-122.87542395429742,47.0666606033571],[-122.87478266767735,47.066654801465404],[-122.8739617557297,47.066647760506179],[-122.87353924571221,47.066645721705605],[-122.87271833556119,47.066636805929399],[-122.87148632130186,47.066627457548925],[-122.87147685305874,47.067672003181251],[-122.87149546345648,47.067670556713082],[-122.87239834757214,47.067666154285433],[-122.87242030509263,47.0676660380295],[-122.8724199799025,47.068076747783913],[-122.87241969333994,47.068433071891704],[-122.87241770806315,47.068866576071066],[-122.87243896220276,47.068866534464654],[-122.87243073543139,47.069741220747055],[-122.87242971314861,47.069850189179029],[-122.87242905558182,47.06992022983848],[-122.87303067439559,47.0699189712685],[-122.87303928923916,47.068865357247063],[-122.88812813655629,47.068834728165605],[-122.88812925765374,47.069347630032809],[-122.88866055544877,47.069347501543497],[-122.88901921321583,47.069347645941008],[-122.8893775233349,47.06934732777696],[-122.88937747033431,47.069539646579678],[-122.89004244822335,47.069539413464199],[-122.89070584867079,47.069539097136882],[-122.89070487220208,47.070115603352264],[-122.89070203172915,47.071741430272482],[-122.89070071929051,47.0724825586328],[-122.89067944269301,47.07497379182837],[-122.89065106940478,47.075674421215211],[-122.89063327018573,47.076113434884228],[-122.89063204218876,47.076255567447298],[-122.89063133162136,47.076337947730174],[-122.89063062015566,47.076420327885693],[-122.89062706103049,47.076829591868027],[-122.89062195590475,47.076965570597643],[-122.8906168112531,47.077101523897888],[-122.89061167558464,47.077238162637947],[-122.89061103239088,47.07727249478539],[-122.89206955774743,47.077272316150598],[-122.89269225193608,47.07727223356261],[-122.89382976881743,47.077270709661093],[-122.89496529413378,47.077268121291922],[-122.89496308158323,47.077377958941817],[-122.89495932303207,47.077515311508897],[-122.89495556358263,47.077652664945418],[-122.89495180413314,47.077790016804428],[-122.8949480446837,47.077927369532823],[-122.89494428613254,47.078064722518931],[-122.89494052668309,47.078202074539242],[-122.89493747151279,47.078284256052356],[-122.89505719178733,47.078283980152527],[-122.89517691116357,47.078283731781482],[-122.89517615927367,47.078311202468022],[-122.89568506925518,47.078310089081135],[-122.89619318243102,47.078308962235752],[-122.89619428196895,47.078281283552577],[-122.89760964327606,47.078277958072121],[-122.89763336329116,47.077425726499989],[-122.89763485629116,47.077372052993717],[-122.89763286742111,47.077262033026258],[-122.89778944557176,47.077261524039386],[-122.8989346610151,47.077258990728474],[-122.89897955432141,47.077258887340484],[-122.9001905003924,47.077256086688934],[-122.90077914753348,47.077254938409553],[-122.90078986982469,47.076870346003126],[-122.90079369305454,47.076732963020383],[-122.90079751718272,47.076595635966328],[-122.90080520496491,47.076320926960335],[-122.9008152553163,47.075981632422391],[-122.90082507300406,47.075607705200198],[-122.90255487520334,47.075602514841002],[-122.90436658758689,47.075594853493008],[-122.90439240876142,47.075672279368895],[-122.90414879913111,47.076143878085283],[-122.90410613993491,47.076226407813941],[-122.904063481637,47.076308938638256],[-122.90401219142754,47.076406715328993],[-122.90392056776012,47.07658367951813],[-122.90377839050177,47.076858322322174],[-122.90367857240237,47.077051072233978],[-122.9036358691887,47.07713357608695],[-122.90357913429031,47.077243156461861],[-122.9041335053134,47.077240722255716],[-122.90516805639855,47.077236303489158],[-122.90554039999898,47.076302997088803],[-122.90550353134307,47.076220818025909],[-122.90529275154313,47.07575755672169],[-122.90504226800428,47.075206964422406],[-122.90496839325023,47.075043130762758],[-122.90465945364087,47.07435810551047],[-122.90458530220575,47.07419361951127],[-122.90427669856629,47.073509381133924],[-122.90231726182755,47.068879448368563],[-122.91895105602482,47.068900331122236],[-122.91912126880489,47.068900532423854],[-122.91954762720501,47.068901035372036],[-122.91957238657088,47.068901064741262],[-122.9198116178125,47.068899804311599],[-122.91993882644326,47.06889967031448],[-122.92019246127214,47.068898704188967],[-122.92042943235252,47.068897800473131],[-122.92062630174028,47.06889704972204],[-122.92072935197811,47.0688966569085],[-122.9213403465085,47.068894323889694],[-122.92191047128671,47.068892144447425],[-122.92243398967136,47.068890140608666],[-122.92265272135822,47.068889302973453],[-122.92294908096035,47.068888166750931],[-122.92299158564633,47.068888003384544],[-122.92318375594687,47.068887266094215],[-122.9231910763181,47.068372952507211],[-122.92319822600943,47.067868699846628],[-122.92320217949501,47.067599051942246],[-122.9232064815269,47.067288781362009],[-122.92496782986404,47.067293155674449],[-122.92503611799532,47.067293338013975],[-122.92510436480408,47.067293494042737],[-122.92580594993929,47.067295226879764],[-122.92621803860116,47.067294737377793],[-122.92621609105362,47.067213014345938],[-122.92742388313962,47.067201813910174],[-122.92742373940919,47.067240522557263],[-122.92788479164392,47.067236510472348],[-122.92834231888951,47.067232555903658],[-122.92834219941355,47.067252144568847],[-122.92893405713345,47.067255802375229],[-122.92910969483947,47.067255851937361],[-122.9293105114246,47.06725590761824],[-122.9295112300934,47.067255964522893],[-122.92964858429694,47.067256002459331],[-122.92975208009914,47.067256031829473],[-122.92985497043684,47.0675167156664],[-122.92986399491218,47.067556791624284],[-122.9298868058322,47.067606867408209],[-122.92991088966497,47.067656642103429],[-122.92996003020596,47.067750217645823],[-122.9300235384016,47.067856163222331],[-122.93032132363007,47.068352706498715],[-122.93058529896619,47.068792849404453],[-122.93063498747951,47.068875192886964],[-122.93099036729413,47.068876404980323],[-122.93099599164611,47.068885288565205],[-122.93114064915292,47.069112958450965],[-122.93125169799008,47.069289421889991],[-122.93128372562487,47.06934031715425],[-122.93144213993197,47.069592115286106],[-122.93152138661138,47.069718013294114],[-122.93160072491897,47.069844128210846],[-122.93167997339503,47.069970026847294],[-122.93175918144688,47.070095925186301],[-122.93188841757522,47.070297662447487],[-122.93197029446077,47.070379404681461],[-122.93205610007027,47.070457012764692],[-122.93214562590232,47.070530298115195],[-122.93215948421222,47.070541052431835],[-122.93224257617202,47.070602456120575],[-122.93232791802295,47.070660692322839],[-122.93241538908384,47.070715678687336],[-122.93253392036827,47.070782941893697],[-122.93265507002059,47.070845365976105],[-122.93277864058417,47.070902849192223],[-122.93290443065669,47.070955297852628],[-122.93303223521828,47.071002626473508],[-122.93316184596581,47.071044757915978],[-122.93331068587732,47.071090601518137],[-122.9334612195272,47.071130533652635],[-122.93361321222902,47.071164492064071],[-122.93376642702161,47.071192423810274],[-122.93392062503852,47.071214285344801],[-122.93391941051624,47.071239637841835],[-122.93454705442211,47.071247074049879],[-122.93534942334571,47.071256569683499],[-122.93615283700991,47.071266064703593],[-122.9367543615006,47.071273156446694],[-122.93796942455053,47.071287516137488],[-122.93837010730324,47.071292236418486],[-122.9396252217401,47.071306795561249],[-122.94010611775944,47.071312316727806],[-122.94058798036608,47.071317842176605],[-122.94151162364963,47.071328432363593],[-122.94154569854499,47.071329264453993],[-122.94156564383924,47.071330069623812],[-122.94158511572134,47.071331069967776],[-122.94254777463431,47.071340496449501],[-122.9428049182827,47.071343539697033],[-122.94442150760338,47.071362749963647],[-122.94478242014182,47.071367022989705],[-122.94502341567468,47.071369882074656],[-122.94724094827603,47.071396146736816],[-122.94944475551814,47.071422224165985],[-122.94945040502297,47.071258205110453],[-122.94946995236356,47.070690658781196],[-122.9494805399075,47.070383237802297],[-122.94949110589187,47.070076437908931],[-122.94950167097792,47.069769677243436],[-122.94951226031849,47.069462214852955],[-122.94952282450623,47.069155464113138],[-122.9495302930995,47.06893861268226],[-122.95219063674544,47.068932451265617],[-122.95219894346687,47.068219598698207],[-122.95220786822919,47.067522773227978],[-122.9522104068682,47.067270268391432],[-122.95221153155893,47.067158466580103],[-122.9522121109723,47.067100817752085],[-122.95221263558844,47.067048697200697],[-122.95354459730459,47.067224293099777],[-122.95356441773302,47.06528228450469],[-122.9548933458385,47.065278457678275],[-122.95790854917445,47.065270222107024],[-122.95792001347411,47.065165169662812],[-122.95792497846269,47.065118269194684],[-122.95792897147415,47.065089657239341],[-122.95793369032434,47.065061085654257],[-122.95793913321661,47.065032579527482],[-122.957945302846,47.06500416823058],[-122.9579521965175,47.0649757973042],[-122.95795981872267,47.064947519372218],[-122.95796816766492,47.064919363194242],[-122.95797724244592,47.064891274922864],[-122.95798700803137,47.064863335329726],[-122.95799749855726,47.064835491791158],[-122.95800871851516,47.064807767559692],[-122.95802062658257,47.064780195066554],[-122.95803322545443,47.064752771864406],[-122.95804804765662,47.064725713344728],[-122.95806052974748,47.064698402093612],[-122.95807523786364,47.064671482449342],[-122.95809063588592,47.064644713320817],[-122.95810668428848,47.064618149780024],[-122.95812342349548,47.064591762455677],[-122.95814081667602,47.064565609479288],[-122.95815890066098,47.064539632719963],[-122.95817763682287,47.064513917233256],[-122.95819702695829,47.064488406723896],[-122.95821706837226,47.06446312934002],[-122.95823772243727,47.064438086305792],[-122.95825903137413,47.064413303321814],[-122.95828099518283,47.064388780388413],[-122.959285301789,47.063283957789736],[-122.95930513838711,47.063262112727287],[-122.95932440365669,47.063240062049381],[-122.95934309490282,47.063217748234941],[-122.95936121482042,47.063195254505352],[-122.95937876430781,47.063172525787131],[-122.95939573977174,47.063149590228512],[-122.95941210438124,47.06312644844126],[-122.95942790035723,47.063103126125846],[-122.95944308368215,47.063079625117922],[-122.95945769747519,47.063055944193309],[-122.95947166088794,47.063032085187587],[-122.9594850161413,47.06300807502533],[-122.95949776054022,47.062983884945737],[-122.95950989677971,47.062959570633893],[-122.95952142575806,47.062935105164897],[-122.95953230255954,47.06291048915039],[-122.95954253437061,47.062885777051868],[-122.95955215892057,47.062860940108436],[-122.95956113398857,47.062835980155782],[-122.95956950359209,47.062810923506731],[-122.95957718688271,47.062785771384867],[-122.9595842629122,47.062760522566322],[-122.9595929747738,47.062725391680111],[-122.95960252027204,47.062684785217819],[-122.95985391021102,47.061614697287638],[-122.95996692725693,47.061134719716314],[-122.96009881970359,47.060572321670946],[-122.96011476749482,47.060475808379671],[-122.96012821886789,47.060379130297243],[-122.96013921514526,47.060282311289214],[-122.96014775812361,47.06018538011682],[-122.96015492039136,47.060064339978517],[-122.96016166314591,47.05949160063944],[-122.96017960070549,47.057966821304298],[-122.96018267833365,47.057682817486878],[-122.96018186715496,47.057669420459888],[-122.96018118713029,47.057658110309028],[-122.96018880574222,47.057141369533419],[-122.96019297572174,47.056807463932977],[-122.96019623121637,47.056526912358756],[-122.96019788321816,47.056386293296576],[-122.96019967176386,47.056231927633014],[-122.96021078212732,47.055279860503028],[-122.96022035008342,47.054456724044663],[-122.96022192932169,47.054319865933998],[-122.96022293094323,47.054182779797706],[-122.96022596994385,47.053509686143862],[-122.96022794444082,47.053070650312101],[-122.96022824537646,47.053004344836303],[-122.96023049026633,47.052505504802745],[-122.96227645542821,47.052494069922979],[-122.96327932562824,47.052488803867199],[-122.96346444954368,47.052487847237053],[-122.96415374752243,47.052484232484765],[-122.96423118409656,47.052483843222589],[-122.96423646888537,47.052171450211667],[-122.96424652372835,47.051575945678891],[-122.96425247866038,47.05122096315489],[-122.9642536967759,47.051148293598906],[-122.96425593447927,47.051014930454237],[-122.96425748946304,47.050922202013837],[-122.96425904354847,47.050829504627579],[-122.96426124172596,47.050698435328641],[-122.96426170166337,47.050671080167668],[-122.96492364773836,47.050668050429586],[-122.96558563333923,47.050665016406811],[-122.96690950392963,47.050658950809066],[-122.96693165548622,47.04933719592259],[-122.96693987686773,47.048846707211403],[-122.96696936855848,47.047082330842905],[-122.96763129127726,47.047080170708547],[-122.96785191840937,47.047079449643533],[-122.96829321309775,47.047078020367842],[-122.96949150639794,47.047074077158136],[-122.96991281806285,47.047072684608864],[-122.97069113818792,47.047068129901291],[-122.97068790604952,47.046947687401101],[-122.9705411258237,47.046742675113009],[-122.97014614557644,47.046417769856539],[-122.97014005410047,47.046284867438999],[-122.97041010923448,47.046232132781562],[-122.97094885496148,47.046096952200166],[-122.97094082671779,47.045921833951965],[-122.97094395016002,47.045701895944539],[-122.97012034506317,47.044918915815188],[-122.96952023541908,47.044348314839844],[-122.96928524961545,47.044124901940343],[-122.9688683010679,47.043728483742449],[-122.96812804884962,47.043409208450356],[-122.96720909567016,47.042950752664929],[-122.965694874766,47.042324470873403],[-122.96572272972632,47.040060766848278],[-122.96210157500194,47.040049418680304],[-122.96141143260682,47.03982832390524],[-122.96089013934915,47.039831657906632],[-122.96038957292001,47.039779843730443],[-122.9526528127726,47.037412580055395],[-122.95227888993389,47.037301998850786],[-122.95175301886152,47.037135381232005],[-122.95145337861196,47.037035828070728],[-122.95085358607319,47.0368253827451],[-122.9503562913083,47.03663797662022],[-122.94979248617811,47.036410880693339],[-122.94979250414443,47.036386120192105],[-122.9497925445686,47.036330449888844],[-122.94979264248497,47.036194290967792],[-122.95016388025928,47.036194536473793],[-122.95055734864192,47.036194395047673],[-122.95106891763668,47.036194263417279],[-122.95142935047474,47.036194246886943],[-122.951789823737,47.036194227295432],[-122.95215025208353,47.036194097501735],[-122.95262580492357,47.036193656080741],[-122.95303328971961,47.036193536695009],[-122.95307434182976,47.036193623020061],[-122.95357493969996,47.036193493838603],[-122.95395339274262,47.036193441186462],[-122.95411358571397,47.036193430166243],[-122.95419367411482,47.036193259965067],[-122.95479440090149,47.036193323637427],[-122.95511425414327,47.036193062213329],[-122.95511714043026,47.035781850320888],[-122.95512041568782,47.035308719615003],[-122.95512057558791,47.035285811867467],[-122.95512303427685,47.034987620864733],[-122.95512520640318,47.034683099349884],[-122.95512724198564,47.034379130188292],[-122.95512898292066,47.034124129561718],[-122.95513036991946,47.033920375781292],[-122.95513069510957,47.033872421681167],[-122.95513237226423,47.033625514599194],[-122.95513392814628,47.033396438639727],[-122.95513404492728,47.033379292725826],[-122.95513578676061,47.033132383362314],[-122.95513757440801,47.032885473468724],[-122.95513936115712,47.032638563657315],[-122.95513964412645,47.032554895573533],[-122.95632747564686,47.032553468357762],[-122.95641154627937,47.032553367332213],[-122.95725384262235,47.032552346055546],[-122.95818400048836,47.032551213344568],[-122.95910578515756,47.032550081858147],[-122.96038359732674,47.032548501573245],[-122.96049538188407,47.032548363198799],[-122.96052178157363,47.030744282214329],[-122.96053501196114,47.029842926374187],[-122.96054821000929,47.02894088482411],[-122.96056140805744,47.028038843949808],[-122.9605746061056,47.027136801914992],[-122.96060100040528,47.025332718040652],[-122.95784672352336,47.025323284649247],[-122.9552007421422,47.025314160497572],[-122.95308938681416,47.025306836680734],[-122.95280128003455,47.025305833636175],[-122.95125986892334,47.025300458345825],[-122.95057052243557,47.025298047486864],[-122.95052161815153,47.025297876638611],[-122.95030495708139,47.025297118537651],[-122.95004020021095,47.025296190200741],[-122.9498004847774,47.025295350655973],[-122.94737932655903,47.025305952433875],[-122.94707403321139,47.025307284927763],[-122.93922278727261,47.025341294127912],[-122.93919847886103,47.027091223717669],[-122.93919593662876,47.027111399666246],[-122.93919710623526,47.027131096146256],[-122.93919775751384,47.027150804865748],[-122.93919792370215,47.027172817805528],[-122.93919646663478,47.027527885656148],[-122.93919073178999,47.028853857886858],[-122.93847220442852,47.028887937080988],[-122.93719411737489,47.028855988143263],[-122.93639709432557,47.028836050433824],[-122.93448303957666,47.028788160344945],[-122.93392832180389,47.02851249590119],[-122.93309762091457,47.028099779120431],[-122.93144034779297,47.027276129519478],[-122.9311969573516,47.027155148792431],[-122.93031140353439,47.026715010594508],[-122.93024354120456,47.026681280885882],[-122.93022997125389,47.026674415901994],[-122.93021662588201,47.026667831982991],[-122.93018073549148,47.026650534495481],[-122.9301669544367,47.02664389301318],[-122.93013127874353,47.026626699004098],[-122.93008163873922,47.026602775324427],[-122.9300318082921,47.026578760394692],[-122.92998176224933,47.026554640743214],[-122.92993155181483,47.026530442088223],[-122.92988113207286,47.026506142997633],[-122.92982635011191,47.026479741712706],[-122.92977970958233,47.026457262491675],[-122.92972872749505,47.026432691485986],[-122.9296261928902,47.026383275109197],[-122.92957464127097,47.026358429737833],[-122.92954037413615,47.026341914730104],[-122.9295225569508,47.026333786429653],[-122.92946971714747,47.026309610943748],[-122.92941667522319,47.026285385234409],[-122.92936346531398,47.0262610247974],[-122.92930905795048,47.026237649618253],[-122.92925444397446,47.026214169104854],[-122.92920162932397,47.026191446669408],[-122.92907608437311,47.02614022118815],[-122.92902898390615,47.026121464912066],[-122.92895139461842,47.026091090508203],[-122.92888991751363,47.026067535835942],[-122.92882522444013,47.0260438011221],[-122.92864768769559,47.025978695939585],[-122.92856749509018,47.025951418730521],[-122.92851942623932,47.025935123431239],[-122.92844733104788,47.025911680138314],[-122.92839009488956,47.025893081768871],[-122.92832720114157,47.025873559352583],[-122.9282597116126,47.025852597899558],[-122.9282070622521,47.025837003102218],[-122.92812831323936,47.025813673051545],[-122.92808687395528,47.025802037109166],[-122.92799590426144,47.025776303554125],[-122.92796204136847,47.025767224794116],[-122.9278605937251,47.025739193668812],[-122.92784654048081,47.0257356989624],[-122.92772841381758,47.02570639473511],[-122.92760615939562,47.02567717805848],[-122.92759333235169,47.025673827251524],[-122.92748594055608,47.025649535731567],[-122.92745748102959,47.025642866568766],[-122.92736574597106,47.025623320179101],[-122.92732086254622,47.02561356780167],[-122.92724553341976,47.025598475678763],[-122.927183475105,47.025585875840996],[-122.927125342428,47.025574975288805],[-122.92704543818179,47.025559842739469],[-122.9270050903508,47.025552819623393],[-122.9269067544716,47.025535442168177],[-122.9268848975624,47.02553197929101],[-122.92676746439859,47.025512726792087],[-122.9266444500019,47.025494222586651],[-122.9266276065903,47.02549164211355],[-122.92660678184541,47.025488843028739],[-122.92642069224104,47.025463684326439],[-122.92605944552932,47.025377832959364],[-122.93093981370319,47.025373840994199],[-122.93119605544305,47.025372950012532],[-122.93601588794655,47.025353659490001],[-122.93601646107172,47.025251754320195],[-122.93601750760901,47.025076022037162],[-122.93601827207533,47.024945804945489],[-122.9360183771782,47.024927698579951],[-122.93601931501935,47.024774422511754],[-122.93601999953562,47.024656619197295],[-122.93602005523114,47.024647949920293],[-122.93602090503742,47.024505427465527],[-122.93602124190566,47.024445483291636],[-122.93602155182441,47.024392534763457],[-122.93602227945979,47.024268627715102],[-122.93602317597845,47.024120055840655],[-122.93602378862948,47.024017245676525],[-122.93602452345138,47.023891541659637],[-122.93602523401877,47.023767057814062],[-122.93602573348208,47.023686922103444],[-122.93602616018184,47.023614741685087],[-122.93602632277691,47.023587293639139],[-122.93602670725582,47.023523028095177],[-122.93602699202177,47.023471397719362],[-122.93602705580217,47.023461012972163],[-122.93602717976965,47.023437667185974],[-122.93602747890866,47.023391631443282],[-122.93602754358736,47.02338123382053],[-122.93602792087978,47.023317462220909],[-122.93602863953203,47.023193184634707],[-122.93602935459097,47.023070690024255],[-122.93603010468425,47.022947316358298],[-122.93603081704828,47.022823943631977],[-122.93603152671736,47.022700543675427],[-122.93603223728472,47.022577170991234],[-122.93603294875042,47.022453798634338],[-122.93603370064034,47.022330425379934],[-122.93603441030939,47.022207025507413],[-122.93603575508737,47.021976300956283],[-122.93603673604767,47.021809280296608],[-122.93603728042672,47.021714110891004],[-122.93605256795622,47.019097436943468],[-122.93457005578499,47.019640121130685],[-122.934520963753,47.01965613602399],[-122.93448333512238,47.019668424312655],[-122.93444574691594,47.019680712598493],[-122.93440811738704,47.019692973934902],[-122.93437048875641,47.01970526343991],[-122.9343301040945,47.019718258453899],[-122.93429404751562,47.019727616282871],[-122.93425476867981,47.01973711435506],[-122.93421549253895,47.019746667543657],[-122.93417617507562,47.019756194396379],[-122.93413693666399,47.019765691238668],[-122.93412051096902,47.019769686685279],[-122.93409719968739,47.019773936899547],[-122.93405666410851,47.019780499621582],[-122.93396595851935,47.019798737566468],[-122.93393612996032,47.01980345505671],[-122.93389444274126,47.01980672171787],[-122.93385390806071,47.019813284435877],[-122.93381714630431,47.019818916883722],[-122.93377195116405,47.019822751259319],[-122.93373054421937,47.019826012407506],[-122.93368913817295,47.019829274167925],[-122.93364773122825,47.01983253592816],[-122.93360636560605,47.019835795238492],[-122.93356500088217,47.019839083332457],[-122.93352334151086,47.019840319812502],[-122.93348168393618,47.019841556292555],[-122.93344003085311,47.019842024795381],[-122.9333983427357,47.019841725933446],[-122.93335225916162,47.019841328471557],[-122.93331516682525,47.019839341162111],[-122.93327362603155,47.019836954553448],[-122.9332321229671,47.019834539160819],[-122.9331905812751,47.019832124380514],[-122.9331490386848,47.019829737771495],[-122.93310753651866,47.019827322378532],[-122.93308624464981,47.019825687211345],[-122.93306650956131,47.019823004802113],[-122.93302562813106,47.019817477078959],[-122.93290294431438,47.019800893906009],[-122.93286210241,47.019795364955698],[-122.93281779300862,47.019789387711455],[-122.93278156754646,47.019781292708991],[-122.93274198058853,47.019772445650062],[-122.93262313796801,47.019745878130308],[-122.93258350968757,47.019737032290379],[-122.9325409232549,47.019727507883935],[-122.93250589884029,47.019716644105763],[-122.9324679432229,47.019704881900054],[-122.93242998850383,47.019693092745108],[-122.93239203378475,47.01968130297508],[-122.93235407816738,47.019669540761576],[-122.93232705145374,47.019660812494415],[-122.93231688432135,47.019656829900498],[-122.93228070826655,47.019642698212124],[-122.93224453131342,47.019628540798145],[-122.93220835525861,47.019614409102282],[-122.93217217650887,47.019600250455987],[-122.93213587918147,47.019586066696505],[-122.93210231452923,47.019569384238757],[-122.93206858907851,47.019552650332137],[-122.93196740733649,47.019502420409204],[-122.93193368008914,47.019485686481588],[-122.93190253998982,47.019470241093586],[-122.93186912715282,47.019449797076298],[-122.93183806610526,47.01943081246408],[-122.93180696553181,47.019411827845111],[-122.9317759035859,47.019392815660154],[-122.93170402219349,47.019348331383419],[-122.93159648756578,47.019281750044378],[-122.9315428105326,47.019250458617478],[-122.9315152502197,47.019234362761907],[-122.93148715630748,47.019218003556929],[-122.93145910102287,47.019201615562714],[-122.93143104753483,47.019185255122856],[-122.93141917270511,47.019179004666753],[-122.93136485696975,47.019231200178638],[-122.93138815477666,47.01926123981265],[-122.93139688819784,47.019272548918984],[-122.93140357525684,47.019281172524366],[-122.93141026231581,47.019289795515924],[-122.93147085098677,47.019367984183347],[-122.93147977395249,47.019379481894674],[-122.93149446859391,47.019396672113778],[-122.93160226013978,47.019520414703628],[-122.93161203201345,47.019531619642791],[-122.93161866068193,47.01954028546367],[-122.93162595410374,47.019555685511897],[-122.93168282734267,47.019680749343955],[-122.93168848493232,47.019693220741637],[-122.93169414162368,47.01970566457738],[-122.93173928017006,47.019878158905641],[-122.93174233534036,47.01988983533419],[-122.93175396582835,47.020027375214909],[-122.93175493600884,47.020041729109849],[-122.93175066811295,47.020193101285734],[-122.93174523420377,47.02033486973265],[-122.93174126904012,47.020438971222873],[-122.93173944276514,47.020486492779867],[-122.93172023588606,47.0205168801713],[-122.93170764150575,47.020535552066207],[-122.93169459886617,47.020554069013897],[-122.93167812825541,47.020574229673237],[-122.93166618784868,47.020590273682203],[-122.93165094253997,47.020607987737165],[-122.93163569812963,47.02062570056146],[-122.93162041239675,47.02064341460467],[-122.93160516618973,47.020661127417206],[-122.93158825270955,47.020680486388343],[-122.93157283222941,47.020695714632303],[-122.93155504828171,47.0207122742557],[-122.93153726433405,47.020728833873903],[-122.93151943996217,47.020745421045561],[-122.93150165601448,47.020761980653482],[-122.93148387116848,47.020778540256316],[-122.93147719938088,47.020786252963035],[-122.93147052759328,47.02079396444384],[-122.93138314127906,47.020894833964313],[-122.93137410692226,47.020905270653095],[-122.9313675564072,47.02091922012162],[-122.93136429821764,47.020927929810789],[-122.93132828475792,47.021024094556751],[-122.93132502836504,47.021032804228767],[-122.93132097157321,47.021046626895519],[-122.9313205673313,47.021059286595865],[-122.93132069219713,47.021068281644283],[-122.93132207470438,47.021149585471299],[-122.93132262626996,47.021183122092658],[-122.93033535800976,47.021194351179098],[-122.93011767555517,47.021192771170384],[-122.92976455859677,47.021190014728624],[-122.92930110786021,47.021186675275708],[-122.92875738636484,47.021182366382924],[-122.92869836525404,47.02118178030976],[-122.92866964162283,47.021181495540702],[-122.92866914215953,47.021181956070478],[-122.92854833582179,47.02129315185028],[-122.9285192780173,47.021319898647185],[-122.92850720735483,47.021331008898294],[-122.92848427156899,47.021352119716333],[-122.9284632896189,47.021371431281764],[-122.92830638448152,47.021510176229071],[-122.92829949979316,47.02151650908668],[-122.9282786660651,47.02153567361605],[-122.92820675772323,47.021601819176333],[-122.92794131633653,47.021848401582567],[-122.92793646902729,47.021852904552098],[-122.92784295171124,47.021939778168523],[-122.92777830624847,47.021999719644434],[-122.92777651770272,47.022001379240933],[-122.92767446818813,47.022096003101929],[-122.9276711147772,47.022099112237022],[-122.92757488275238,47.022188343786368],[-122.92757425572832,47.022188924949319],[-122.92754382080651,47.022217144719235],[-122.92754267275954,47.022218209673696],[-122.92751401829862,47.022244780862366],[-122.92751371736298,47.022245059501856],[-122.92750432188345,47.022253770199491],[-122.92750416198332,47.022253919011327],[-122.92749988510424,47.022257857319104],[-122.92749983749353,47.022257914271741],[-122.9274997826963,47.022257953464994],[-122.92747817012888,47.022278153898931],[-122.92725668061412,47.022481964986184],[-122.92699581524549,47.02247955644949],[-122.92645113434938,47.022474506666981],[-122.92595653003877,47.022469910053935],[-122.92582214476722,47.022468677921516],[-122.92546902960545,47.022465408973652],[-122.92505773595261,47.022461716250348],[-122.92448593761303,47.022456596653477],[-122.92398936599196,47.022451951047515],[-122.92329148910224,47.022445200037069],[-122.92345110445686,47.022544180273556],[-122.92345016302245,47.02276353031759],[-122.9233583417257,47.022854286213523],[-122.92335636004218,47.023315834509191],[-122.92581823170583,47.023319698640378],[-122.92581405903135,47.0242267562043],[-122.92581002739237,47.025095800099962],[-122.92370071842655,47.025091190853018],[-122.92363562650107,47.025091024902949],[-122.92341699722216,47.025090606659887],[-122.92320577365444,47.025093291866234],[-122.92307338174452,47.025095422272763],[-122.92308101922104,47.025369699000883],[-122.92308543893226,47.025411371823516],[-122.91551368942108,47.025346757593859],[-122.91018582459007,47.025300992323203],[-122.90743737507941,47.025277288498856],[-122.90741731749574,47.025277115201106],[-122.90731563269716,47.025276455077403],[-122.90708578615529,47.025274961532176],[-122.90616210244755,47.025268957345205],[-122.90592895639365,47.025267440530108],[-122.90474062810489,47.025259702751626],[-122.90471726561933,47.025259549661669],[-122.90438553934446,47.024230851133694],[-122.90025383161993,47.022652829349177],[-122.90045936795359,47.022443449820308],[-122.90075419772477,47.02214306817411],[-122.90098303096698,47.021909956830534],[-122.90124209431514,47.021648084888071],[-122.90092043905291,47.021777110944946],[-122.90034405391549,47.022008819866713],[-122.89976104280453,47.022243192311166],[-122.89923809395178,47.022449778280446],[-122.89885963102762,47.022598639564883],[-122.89827984756347,47.02282653097032],[-122.89783677960072,47.023000891565758],[-122.89719555047282,47.023252484150873],[-122.89681605807934,47.023401319314189],[-122.8968095372087,47.023170290058232],[-122.89680703629894,47.023088776810972],[-122.89678693379953,47.022454879506263],[-122.89676269186327,47.021653387670476],[-122.89675428003893,47.021375425995849],[-122.89674148713101,47.020952679111709],[-122.89550375599319,47.020951475115112],[-122.89548926437102,47.020547725631097],[-122.89552207533677,47.020547973658729],[-122.89557368624479,47.020547668676599],[-122.89575250847849,47.020548671810559],[-122.89581408080471,47.020548764285067],[-122.89598294072192,47.020549369962389],[-122.89605540781589,47.020549592268601],[-122.89629571973082,47.020548739788509],[-122.89653615561325,47.020551259259172],[-122.89670875791191,47.02055176939993],[-122.89575314089245,47.019354996433222],[-122.89526372704758,47.019359674767273],[-122.89525073381529,47.019067138159024],[-122.89515468684344,47.019066735179479],[-122.89494637471557,47.019065939631794],[-122.89473786316172,47.019065113462482],[-122.89473129468037,47.018873495124623],[-122.89534641696947,47.018875424901296],[-122.89535286058502,47.019067426001527],[-122.89559103361123,47.019068155406728],[-122.89582960279451,47.019068849290868],[-122.89606764466669,47.01906708426511],[-122.89640116038558,47.019066138059387],[-122.89641823825745,47.019450433387426],[-122.89669581049372,47.019451418169218],[-122.89702605005679,47.019452563406709],[-122.89702403154237,47.019388082822964],[-122.89730909303314,47.019389014324751],[-122.89730359264867,47.019205936863962],[-122.89729724694949,47.019020844488587],[-122.89729432203492,47.018930997662544],[-122.89729118511796,47.018840522941041],[-122.89728579881952,47.018682828435949],[-122.89728508286224,47.018659501383098],[-122.89727962469857,47.018499764477127],[-122.89727866080628,47.018472312576513],[-122.89727270497593,47.018297476636533],[-122.89726878382972,47.018187806945058],[-122.89687211474971,47.018186782331298],[-122.89665731229391,47.018186227459779],[-122.89637680166835,47.018183085024994],[-122.89637776825562,47.018305774581542],[-122.89580382653574,47.018300443294436],[-122.89522909340012,47.018299321917375],[-122.8952120658339,47.017915943094835],[-122.8947461896461,47.017914132097651],[-122.89469845047697,47.017913946527102],[-122.89428230143,47.017913620094383],[-122.8942062536513,47.017913430849141],[-122.89420283196839,47.017849914844653],[-122.89420095179447,47.017775342895987],[-122.89411878918366,47.017775018299794],[-122.89409197087919,47.017774917246228],[-122.89393304992228,47.017774321949013],[-122.89392223510454,47.01744545841288],[-122.89386840445947,47.017445287539459],[-122.89381595991487,47.017445086655997],[-122.89355176628813,47.01744420779103],[-122.89292075100502,47.017442024408481],[-122.89293448983894,47.017867543454109],[-122.89356604500958,47.017867517731446],[-122.8935684390198,47.017936052080174],[-122.89357341838141,47.018078660053973],[-122.89357400138802,47.018099259544059],[-122.89357513865519,47.018133513413225],[-122.89357939936458,47.018258655294098],[-122.89358043781704,47.018289837675496],[-122.89358391699217,47.018391996823112],[-122.89358504078454,47.018425620305507],[-122.89358763691574,47.018501724889184],[-122.89358849929842,47.018527065704113],[-122.89359057889828,47.018588086449817],[-122.89359129755053,47.01860934166249],[-122.89359457729961,47.0187129045121],[-122.89359586368711,47.018751299269908],[-122.89359661647532,47.018773925657889],[-122.89296382162961,47.018771455098062],[-122.89294026510792,47.018045537331091],[-122.89230142999025,47.018042940574446],[-122.89230876832782,47.018262206222012],[-122.89231382763948,47.018412882201048],[-122.89231518589219,47.018454020896463],[-122.89231934060038,47.018577434955276],[-122.89232253590785,47.018673424491254],[-122.89232481493372,47.018742015986888],[-122.89232988592352,47.018892829021731],[-122.89233080400172,47.018920253759113],[-122.89233369298368,47.019112039735106],[-122.89233209308418,47.019331180344153],[-122.89161754525941,47.019328903949791],[-122.89090373944306,47.019326928257421],[-122.89022610788489,47.019324488344601],[-122.89022201695708,47.019711053291957],[-122.88963960592072,47.019709234394156],[-122.88964088691833,47.019544630622093],[-122.88964220923843,47.019380025117705],[-122.88964443616202,47.019270289057701],[-122.88964449994241,47.019215455851587],[-122.88964479728476,47.019050487385606],[-122.89022899237527,47.01905194497153],[-122.89023305815026,47.018667705569179],[-122.89090856159952,47.018667804171308]]]]},"properties":{"OBJECTID":81,"JurisdictionName":"OLYMPIA","CREATE_DATE":null,"EDIT_DATE":null,"GlobalID":"{01FC9227-3521-4B4B-BC71-B7BAC1920437}"}},{"type":"Feature","id":84,"geometry":{"type":"Polygon","coordinates":[[[-122.76415826927015,47.118170431004145],[-122.76415991408544,47.118253043553501],[-122.76398737466884,47.118466374354199],[-122.76380995111202,47.118684599488809],[-122.76363154120499,47.118903527317222],[-122.7636238884571,47.119234051658516],[-122.76471899767051,47.119244303451516],[-122.76474477213264,47.115644423638031],[-122.7647559301068,47.112041309485633],[-122.76423327949472,47.112033532328063],[-122.76208356161249,47.112001520701689],[-122.75941226031671,47.111961686646993],[-122.75943284071985,47.108350922690505],[-122.75945342291965,47.104739473531332],[-122.76211597552287,47.104762728098514],[-122.76477852183787,47.104785920899396],[-122.7667951677855,47.104803446190168],[-122.77010378245284,47.104832121814013],[-122.77010538055573,47.102621542877699],[-122.77010642080482,47.101181765240874],[-122.77010770180243,47.099360106500832],[-122.77010903041072,47.097530853826292],[-122.77542202812374,47.097557825975741],[-122.78085657777621,47.097585158302472],[-122.78085703771362,47.09668210841312],[-122.78085748597296,47.095778982053517],[-122.78089764605605,47.095778964318576],[-122.78089821289298,47.094881947422579],[-122.78089855964269,47.093972216142127],[-122.78144292163688,47.093977059785736],[-122.78198026599206,47.093979973310496],[-122.78288723744224,47.093986533021699],[-122.78337631980881,47.093990066678991],[-122.78390157284026,47.093993860253626],[-122.78442687887234,47.093997651381763],[-122.78495512868358,47.094001461468281],[-122.78547940524631,47.094005239752903],[-122.78600666511413,47.094009037607485],[-122.78654909123888,47.094012942486657],[-122.78713054467116,47.094017125630224],[-122.78757214299009,47.094020300293508],[-122.78801372873264,47.094024584345618],[-122.78845532166167,47.094027182908995],[-122.78887682736266,47.094029670777971],[-122.78889426815388,47.093451361654061],[-122.79004872546486,47.093443850262716],[-122.79013145131938,47.093443312074733],[-122.79058694208419,47.093119602023108],[-122.79093297672492,47.092863832739162],[-122.79123787840707,47.092643392976072],[-122.79123911718385,47.092467529779377],[-122.79124142765076,47.092139467210671],[-122.79124378033848,47.0918055472006],[-122.79124613931441,47.091470633693419],[-122.79124844708639,47.091142968030674],[-122.79125066862009,47.090827674392322],[-122.79144183101087,47.090827020584072],[-122.79241747776622,47.090823675703632],[-122.79245261896179,47.090823554605379],[-122.79246213840887,47.090643793728766],[-122.7924634023385,47.090619909152721],[-122.79246466896304,47.090596008052493],[-122.79246593468926,47.090572098990606],[-122.79246780947325,47.090536704482979],[-122.78210247909152,47.090526181720868],[-122.78206538406016,47.090526142577758],[-122.78154598175617,47.090525590293275],[-122.78086097862277,47.090524858806759],[-122.78086110708186,47.0903576074612],[-122.780861497849,47.08986390345293],[-122.78086186975155,47.08945238361953],[-122.78086219943324,47.089040837976356],[-122.78086259918355,47.088462404340596],[-122.78086364302591,47.086798437810707],[-122.7820642216402,47.086803072921228],[-122.78471669334928,47.086813299766995],[-122.7860350635552,47.086818422363947],[-122.78603526657446,47.08676350687567],[-122.78604100860575,47.085155328102871],[-122.78604292740722,47.08461905811172],[-122.7860448489036,47.084082842667108],[-122.78604817716172,47.083150083155722],[-122.7860299719042,47.081335647915388],[-122.78602762640296,47.081099835044775],[-122.78602526832536,47.080864708093905],[-122.78602288329827,47.080628894974019],[-122.78602052701729,47.080393767780009],[-122.78601831446673,47.080174406881738],[-122.78601330096913,47.079673304979131],[-122.7860110884186,47.079453944173281],[-122.78661534378773,47.07945623207295],[-122.78701561062044,47.079457675162573],[-122.78741688087135,47.079459149450805],[-122.7878181493256,47.079460594375547],[-122.78821841705664,47.07946206009936],[-122.78863177324136,47.079463544786961],[-122.78886012857984,47.079464364515616],[-122.788856322418,47.079129791227992],[-122.78885790075792,47.079119720736536],[-122.78885389247516,47.078889558529106],[-122.78884903887767,47.078551028514944],[-122.7888440217868,47.078143654612411],[-122.78884375498717,47.078132836372305],[-122.78884320701485,47.078122024247506],[-122.78884238056479,47.078111245766969],[-122.78884127204373,47.078100445872877],[-122.78883992367247,47.078089680234804],[-122.78883829412854,47.078078919488597],[-122.7888363870052,47.07806819361015],[-122.78883419870918,47.078057501376023],[-122.78883173013874,47.078046815869079],[-122.78882898309064,47.078036164006448],[-122.78882599888725,47.078025572705322],[-122.78882273261287,47.078014988743192],[-122.7888191878608,47.078004464730917],[-122.78881536463092,47.07799397558653],[-122.7888113024492,47.077983547003818],[-122.78880696178975,47.077973151453854],[-122.78880238217845,47.077962817689105],[-122.7887975249877,47.077952545097851],[-122.78879238931921,47.077942333680184],[-122.7887870164955,47.077932182824313],[-122.78878136429573,47.07792209314205],[-122.78877547494072,47.077912091550658],[-122.78876930800632,47.077902151744766],[-122.78876294434085,47.077892271277292],[-122.78875626177343,47.077882481347899],[-122.78874938247499,47.077872777674308],[-122.78874222649542,47.077863163927077],[-122.78873483425896,47.077853637659274],[-122.78872720486726,47.077844199482726],[-122.78871933832031,47.077834849397384],[-122.78871123461813,47.077825586791612],[-122.78870033086721,47.077813717488873],[-122.78869391509944,47.077806050953022],[-122.78868711305611,47.077795558099062],[-122.78866887635753,47.077773336635381],[-122.78863365431356,47.07773499718656],[-122.78858227696752,47.07769803355405],[-122.78852885236094,47.077667441360106],[-122.78841453365619,47.077620353682789],[-122.78841564038062,47.07762065344469],[-122.78842030084033,47.077621730752192],[-122.78842495770674,47.077622725472224],[-122.78842968913337,47.077623581322946],[-122.78843445559427,47.077624326445282],[-122.78843925708944,47.077624960227517],[-122.78844413494144,47.07762548144607],[-122.7884489642844,47.07762586746594],[-122.78845387267913,47.077626167839533],[-122.78845873436146,47.077626331790917],[-122.78846363107805,47.077626385013964],[-122.78846856103233,47.077626299367701],[-122.78847344966411,47.077626132357516],[-122.78847833021106,47.077625827701588],[-122.78848316584221,47.077625386623431],[-122.78848799877846,47.077624862957848],[-122.78849282362984,47.077624201646451],[-122.7884976053621,47.077623458359369],[-122.7885023421786,47.077622579261835],[-122.78850703228268,47.077621562518502],[-122.78851163794516,47.077620465634709],[-122.78851624001436,47.077619258022509],[-122.78852075674362,47.077617942740737],[-122.78852518723458,47.077616491648435],[-122.78852953418226,47.077614959192125],[-122.78853383621416,47.077613319066188],[-122.78853801427852,47.077611598188],[-122.78854214742714,47.077609740887503],[-122.78854615481164,47.077607802834741],[-122.78855008044943,47.077605785253198],[-122.78855387942474,47.077603659390256],[-122.78855759485678,47.077601453998497],[-122.78856118721959,47.077599140325269],[-122.78856465381827,47.077596747734994],[-122.78856799914439,47.077594301921593],[-122.78863704545377,47.077538651377239],[-122.78863015447722,47.07696357746245],[-122.78862713164627,47.076710845726168],[-122.78862358869083,47.07641642477553],[-122.78861931001511,47.07605853221996],[-122.7886158829423,47.075774217332985],[-122.78886763400405,47.07577632858623],[-122.78964937671037,47.075782903998558],[-122.78991080083109,47.075785094171039],[-122.79030369788522,47.075788374535414],[-122.79081620561944,47.075792658830458],[-122.79102130806677,47.075794373037787],[-122.79126190384933,47.075796403535279],[-122.79126525546366,47.076077773211132],[-122.79126978746427,47.076452188387975],[-122.79127381371337,47.076788052190963],[-122.79127688595165,47.077041608221045],[-122.79127903562014,47.077219191241731],[-122.79128385328499,47.077621556400906],[-122.79129516307442,47.078560387650811],[-122.79130099673387,47.079043654267977],[-122.79130619169116,47.079473223701385],[-122.79131096713522,47.079871816410162],[-122.79131546499984,47.080243559200618],[-122.79131926217856,47.08056023008853],[-122.79132280064246,47.080851428225856],[-122.79132885618579,47.081354658219254],[-122.7913296691611,47.081423500090047],[-122.79316756833349,47.081435996208363],[-122.7939698689851,47.0814409480422],[-122.79399138453448,47.082611615320431],[-122.79400172504172,47.083173495794284],[-122.79400784616207,47.08317351475683],[-122.79396269863251,47.083899186451326],[-122.79402106666808,47.08391839830869],[-122.7940829022007,47.083937825472752],[-122.7941452569595,47.08395650943104],[-122.79420809411363,47.083974423270064],[-122.79424186986996,47.083983547789266],[-122.79442272948279,47.083454312693917],[-122.79528123502676,47.08345810273719],[-122.79529738763389,47.08317753604085],[-122.79602510206576,47.083179798089454],[-122.7960686029834,47.083179933885795],[-122.79656519526573,47.083181474745736],[-122.79665182519845,47.083181743279908],[-122.79658626974229,47.079509736475543],[-122.79657551601002,47.078588628385205],[-122.79656475149797,47.077668210952169],[-122.79656248864175,47.077475452872839],[-122.79655994730783,47.077257828990312],[-122.79655399866402,47.076747102226811],[-122.79654323684692,47.075826683572338],[-122.79892182839556,47.075840239993468],[-122.79903203461292,47.075840859114244],[-122.79918466646454,47.075841715605328],[-122.79928282088407,47.075842294348647],[-122.80032335025744,47.07584820413696],[-122.80040363269437,47.075848659300753],[-122.80166450443389,47.075855806105942],[-122.80199760063957,47.075857065147517],[-122.80300212014647,47.075859201480434],[-122.80352576249864,47.075860312471377],[-122.80447515868477,47.075862319106989],[-122.8071302417964,47.075867863660982],[-122.8097870945891,47.07587334581293],[-122.80978948320943,47.076010442253001],[-122.80982390575282,47.077996048823024],[-122.80985105823061,47.079562186802136],[-122.81249564812138,47.079568534792998],[-122.81518057955496,47.079579138022119],[-122.8178345227045,47.079589516130127],[-122.81780929172309,47.078163665659105],[-122.81780564725801,47.077957656923545],[-122.81780229294873,47.07776898275926],[-122.81780602634704,47.077693848516994],[-122.81780545052693,47.077213206970278],[-122.81780264059677,47.074861982927757],[-122.81813645545463,47.074715801477097],[-122.81811768515679,47.074662651383093],[-122.8181107627392,47.074637082716066],[-122.81809977724157,47.074600657760115],[-122.8180985492446,47.074597288000739],[-122.81809744072353,47.074593889486863],[-122.81809657295096,47.074590459159516],[-122.81809582375602,47.074586998854031],[-122.81809531441125,47.07458353487759],[-122.81809492723737,47.074580069065519],[-122.81809174450633,47.074563745179404],[-122.81808907112004,47.074549955339926],[-122.81808569704782,47.074529123131533],[-122.81808481669886,47.074524461869487],[-122.8180840567241,47.074519826914255],[-122.81808341622532,47.07451513506166],[-122.81808293742327,47.074510466456871],[-122.81808253946961,47.074505798463441],[-122.81808225919522,47.074501100491702],[-122.81808210199004,47.074496427603094],[-122.81808206785406,47.074490904319262],[-122.81808171301955,47.074486289550272],[-122.81808143633845,47.074481672945545],[-122.81808132225238,47.074477082035799],[-122.81808128631981,47.074472461147678],[-122.81808137255805,47.074467838423793],[-122.81808161959476,47.074463241394888],[-122.81808194568319,47.074458614387609],[-122.81808248377406,47.074453300333793],[-122.81808322488416,47.07443950618319],[-122.81808360397321,47.074425691839728],[-122.81808352761641,47.07440679897563],[-122.81808316918861,47.074395511952943],[-122.81808252958814,47.07438420290319],[-122.81808075811041,47.074365147898355],[-122.81807997657609,47.074355263716086],[-122.81807895608993,47.074345381979164],[-122.81807769485526,47.074335533277406],[-122.81807603836188,47.074324897803194],[-122.8180755748312,47.074321542097721],[-122.81807503135046,47.074318188227409],[-122.81807436659716,47.074314836804113],[-122.81807366411458,47.07431151291145],[-122.81807283856286,47.074308163934923],[-122.81807197438356,47.074304842489063],[-122.81807099252495,47.074301550409203],[-122.81806992802132,47.074298260164568],[-122.81806878446596,47.074294971143289],[-122.81806752053637,47.074291712099928],[-122.81806621708087,47.074288453056319],[-122.81806483457368,47.074285195236122],[-122.81806205518618,47.074279336665455],[-122.81806046067656,47.074275836572916],[-122.81805898474454,47.074272307725728],[-122.81805754833839,47.074268750123785],[-122.8180562323065,47.074265190686241],[-122.81805499622466,47.074261630024836],[-122.8180538805171,47.074258039385157],[-122.81805284296294,47.074254420602522],[-122.81805188535887,47.074250800596033],[-122.81805100860312,47.074247178753922],[-122.81805025222167,47.07424355446436],[-122.81804924790517,47.074237857403723],[-122.81804739108748,47.074217737206205],[-122.81804553337149,47.074197589470245],[-122.81804489287268,47.074185351056698],[-122.8180445766657,47.074173134053339],[-122.81804468446353,47.074153855666538],[-122.81804623046413,47.074071799319967],[-122.81804635802492,47.074066301075888],[-122.81804664728242,47.074060800384039],[-122.8180470569142,47.074055297244428],[-122.81804762914105,47.074049818576206],[-122.81804836036967,47.074044337460272],[-122.81804917424331,47.074038882651173],[-122.81805018754295,47.074033424170686],[-122.81805128348759,47.074027963854213],[-122.8180530926946,47.074020414239321],[-122.81805423535164,47.074012300543394],[-122.81805517678606,47.074004163597834],[-122.81805591609952,47.073996030321801],[-122.81805660510733,47.073984807451176],[-122.81805593945572,47.0739804434767],[-122.8180550321573,47.073976111315467],[-122.81805392543286,47.073971810355793],[-122.81805257885826,47.073967513066542],[-122.81805103285764,47.073963273898023],[-122.81804924700685,47.073959066542805],[-122.81804621249782,47.07395285676246],[-122.8180439253871,47.073949150471563],[-122.81804171912476,47.073945441733173],[-122.81803963144004,47.07394167670882],[-122.81803766323129,47.073937909848802],[-122.81803573454835,47.073934114845649],[-122.81803392623968,47.073930290475815],[-122.81803223471201,47.073926436739185],[-122.81803062493103,47.073922581166904],[-122.81802913552428,47.073918696227821],[-122.81802772516929,47.073914810676698],[-122.81802639476436,47.073910895758814],[-122.81802518383535,47.073906979617021],[-122.81802399536421,47.073902651732496],[-122.81802005086183,47.073888254814548],[-122.8180164656855,47.073873796712526],[-122.81801323983532,47.0738593055693],[-122.81800920100982,47.073837964683158],[-122.8180084068991,47.073833439792594],[-122.81800785443519,47.073828909395473],[-122.81800750049898,47.073824377162516],[-122.81800741695565,47.073819538416096],[-122.81801094014818,47.07373676513285],[-122.81801242775832,47.07365334320825],[-122.81801186541294,47.073648594993351],[-122.8180110218949,47.073643879203722],[-122.81800997984917,47.073639194003874],[-122.81800860632509,47.073634268364366],[-122.81800073348992,47.073604926814077],[-122.81799292443516,47.073572330442893],[-122.81798542170591,47.073536557556011],[-122.81797783992494,47.073500812788161],[-122.81797783094177,47.073497750697818],[-122.81797749946345,47.073494666582256],[-122.81797688950734,47.073491641811785],[-122.81797612324441,47.073486842190746],[-122.817976193313,47.073483751344703],[-122.81797654724924,47.073480710054781],[-122.81797926465298,47.073442437875194],[-122.817982763591,47.073403660315208],[-122.81798570467524,47.073377306094883],[-122.81798856491109,47.07335092494197],[-122.81798961234672,47.073344345558681],[-122.8179904989839,47.073337768010056],[-122.81799122302603,47.073331165988279],[-122.81799174764217,47.073324567024684],[-122.81799216535876,47.073317367876335],[-122.81799220039305,47.073314387757748],[-122.81799215457899,47.073311435170424],[-122.8179920683407,47.073308456275143],[-122.81799186262649,47.073305479826928],[-122.81799157696224,47.073302530909977],[-122.81799124997548,47.073299555685011],[-122.81799084393698,47.073296610438561],[-122.81799031662591,47.073293638884188],[-122.81798974978895,47.073290695472821],[-122.81798885596525,47.073286663653604],[-122.81798738991471,47.073282396287745],[-122.81798604154348,47.073278098942907],[-122.81798481444477,47.073273799150442],[-122.81798366639784,47.073269471826272],[-122.81798263962349,47.073265141442697],[-122.81798173322338,47.073260809223356],[-122.81798094629916,47.07325644824865],[-122.81798023932505,47.073252086049955],[-122.81797965272517,47.073247720180028],[-122.81797918560123,47.073243353086141],[-122.8179786259508,47.073234886869763],[-122.81797797287558,47.073229893893846],[-122.81797743927632,47.073224872162434],[-122.81797702605127,47.07321987551471],[-122.81797677362469,47.073214848276059],[-122.81797664067402,47.073209847344742],[-122.81797662899591,47.073204816434327],[-122.81797694789786,47.07319526792034],[-122.81797753539604,47.073179754258234],[-122.81797852623779,47.073164260781283],[-122.81797996893214,47.073148049646385],[-122.81798046210724,47.0731445133828],[-122.81798111608076,47.073140975283479],[-122.81798197217522,47.073137487964217],[-122.81798303039064,47.073133997585728],[-122.81798420898029,47.073130531679375],[-122.81798559148751,47.073127117164894],[-122.81798717521737,47.073123727122621],[-122.81798892064394,47.073120360940734],[-122.81799083046225,47.073117074905824],[-122.81799290107897,47.073113813343141],[-122.81799513698573,47.07311060317236],[-122.8179975345892,47.07310744500532],[-122.81800126529258,47.073102595793024],[-122.81800315804288,47.073099829184429],[-122.81800488460486,47.073096983040287],[-122.81800645216505,47.073094140566887],[-122.81800789575767,47.073091217334238],[-122.81800917765364,47.073088297160538],[-122.81801029785278,47.073085324982721],[-122.81801129588104,47.073082354640164],[-122.81801213311088,47.073079332293482],[-122.81801280774567,47.073076313617513],[-122.81801332248033,47.073073269857098],[-122.8180137779262,47.073068858698505],[-122.8180132964292,47.073063179866615],[-122.81801269276131,47.073057475949845],[-122.81801193009163,47.073051802011278],[-122.81801100752185,47.073046129907475],[-122.8180094651145,47.073038172075165],[-122.81800832784735,47.073032203241311],[-122.81800703157838,47.073026264385526],[-122.81800557361269,47.073020329199963],[-122.81800395754348,47.073014422768928],[-122.81800218067586,47.073008520008081],[-122.81800028523061,47.073002646001726],[-122.81799822988523,47.072996802585351],[-122.81799421711086,47.072986480703584],[-122.81799239622578,47.072981453442921],[-122.81799045586476,47.072976427405393],[-122.81798839692615,47.072971431958003],[-122.81798621671494,47.072966465877201],[-122.81798387750194,47.072961529162875],[-122.8179814601355,47.072956621815088],[-122.81797888376728,47.072951743222063],[-122.81797618612647,47.072946895831031],[-122.81797108459401,47.072938342690129],[-122.81796929784488,47.072935063985781],[-122.81796759194414,47.072931784669407],[-122.81796596419687,47.072928449677839],[-122.81796441729794,47.072925140382218],[-122.81796298987494,47.07292177357597],[-122.81796160107955,47.072918406769553],[-122.81796033265833,47.072915038739232],[-122.81795914418723,47.072911640729899],[-122.81795770778108,47.072907126161539],[-122.81795655793753,47.072901786256885],[-122.81795568836834,47.072896442068973],[-122.81795509907352,47.072891066066298],[-122.81795479095138,47.072885683944882],[-122.8179547640019,47.072880298763899],[-122.81795497690263,47.072874908076052],[-122.81795551229855,47.072869539412949],[-122.81795597133765,47.072866140788882],[-122.81795619411984,47.072861926617129],[-122.81795633695197,47.072857685525229],[-122.81795635761323,47.072853447492065],[-122.81795629922271,47.072849210070352],[-122.8179560800338,47.072845002627226],[-122.81795577999648,47.07284077009934],[-122.81795540090744,47.07283653818299],[-122.81795485922333,47.072832309325328],[-122.81795423938578,47.072828109222627],[-122.81795308684727,47.07282175798148],[-122.81795226578711,47.072816604059746],[-122.81795132435266,47.072811478892781],[-122.81795026523898,47.072806357396232],[-122.81794904442847,47.072801264654437],[-122.81794770234545,47.072796147439576],[-122.8179462425831,47.072791085899368],[-122.8179433778557,47.072782276383194],[-122.81793841196878,47.072764615131305],[-122.81792833107467,47.072726038977116],[-122.81794337695736,47.072624902779651],[-122.81790787643564,47.072497158442189],[-122.81790689547536,47.072494089564152],[-122.81790461105959,47.072486945979023],[-122.81789262483878,47.072450465713416],[-122.81784064562146,47.072325193321468],[-122.81775311737344,47.072134983119241],[-122.81754155963247,47.072071318727261],[-122.81745849870636,47.072029808991196],[-122.81743855251379,47.071985295780664],[-122.81734144552988,47.0719248848918],[-122.81723077578182,47.071778647661993],[-122.81775013855997,47.071595182138211],[-122.81835492483341,47.071381539895697],[-122.81873453849943,47.071061155688284],[-122.81931828802558,47.070678022479079],[-122.81958380756571,47.070503744849397],[-122.81860878334284,47.069546860922841],[-122.81773915485897,47.06954620318232],[-122.81714528311623,47.069545750412097],[-122.8171452920994,47.06924419786246],[-122.81623788766123,47.069243527881071],[-122.81623455131825,47.06860909642883],[-122.81624475797651,47.066278063253641],[-122.81758973897611,47.066279257661279],[-122.81775005142339,47.066279380039092],[-122.82040215122993,47.066281667892568],[-122.82040098342007,47.064982913748501],[-122.81775611235661,47.064979200714767],[-122.81643021965849,47.064979746533176],[-122.81510320406629,47.06498037128722],[-122.81511177848567,47.061355380435849],[-122.81577525798484,47.061355439794589],[-122.81643871502615,47.061354975327852],[-122.81698058599204,47.061354794191921],[-122.81764409423731,47.061354568383976],[-122.81776464545351,47.061354548189748],[-122.81788523529723,47.061354500457995],[-122.81789167621781,47.06090208281833],[-122.81789286918051,47.060818323813528],[-122.81789813330809,47.060449062234554],[-122.81790513926899,47.059955543697185],[-122.8179110358105,47.05954370593696],[-122.81792459138813,47.058590302629298],[-122.81793571612461,47.057808194671324],[-122.81793805623593,47.057643692479452],[-122.81821525297642,47.057644686348382],[-122.81867053802704,47.057646275069864],[-122.81924534662113,47.057648073091237],[-122.81980844298057,47.057650110399983],[-122.82119591519141,47.05765502099301],[-122.82154589163959,47.057656252313137],[-122.82224667996915,47.057658585211797],[-122.82307765214965,47.057661029492159],[-122.82308111515509,47.057606058859783],[-122.8237426641747,47.05760791991738],[-122.82374240186665,47.057635337614975],[-122.82374213955859,47.057662755910478],[-122.82422384765496,47.057664038637405],[-122.82446465094836,47.057664407054197],[-122.82470554407327,47.057665019042226],[-122.82518624515819,47.057666208134954],[-122.82566794966132,47.057667403347502],[-122.8264270197882,47.057669295614367],[-122.82687221406323,47.057670395356716],[-122.82717222711362,47.057670935742102],[-122.82747333341368,47.057671674411516],[-122.82777440018789,47.057672411857027],[-122.82809553532553,47.057673182961786],[-122.82838093188793,47.057673576470023],[-122.82854109790986,47.057674132767069],[-122.8287006503824,47.057674701915793],[-122.82922743773636,47.057675734951395],[-122.82970506029484,47.057676689652531],[-122.83203601059071,47.057679392190934],[-122.83246953575019,47.057677712896258],[-122.83292877787964,47.057678766739329],[-122.83292880213415,47.057664970083174],[-122.83352251846836,47.057663829337521],[-122.83352255440096,47.057133927685456],[-122.83352256338412,47.056997812064488],[-122.83356009858997,47.056997913655756],[-122.8335603186772,47.056314979022687],[-122.83356257794014,47.055738967995417],[-122.83356145414771,47.055171966363851],[-122.8335609367181,47.054910219059771],[-122.83355958295699,47.054226432063906],[-122.83352089072108,47.053986718108078],[-122.83353312038534,47.052510428110459],[-122.83349079715903,47.052290887559657],[-122.83349350198637,47.051961857807619],[-122.83353944003336,47.05174264734503],[-122.83354939246838,47.05053144150164],[-122.83265230518127,47.050530437707025],[-122.83262575098146,47.050530378948331],[-122.83230550337932,47.050529672619646],[-122.83229114560612,47.050529641404097],[-122.83224704371557,47.050529578972963],[-122.82977048819023,47.050526063855308],[-122.82843788507697,47.050524151136671],[-122.82591491809249,47.050520496466753],[-122.82589083605636,47.050520460354647],[-122.82588759583312,47.050725038244408],[-122.82588777369956,47.050819678511601],[-122.82588042458221,47.051535169141701],[-122.82493609938587,47.051533577177857],[-122.824940920644,47.05110898140213],[-122.82494766339853,47.05051909176607],[-122.82492759593339,47.050519056878038],[-122.82488746100313,47.050518986490033],[-122.82328539025409,47.050516625735845],[-122.82317984808965,47.050478879361869],[-122.82318257088329,47.049436948316924],[-122.82318454987187,47.049167137405874],[-122.82319553357283,47.048948308416975],[-122.82319691338512,47.048664555268275],[-122.82319590008545,47.048483177613356],[-122.82320707063603,47.048110853979608],[-122.82320906130271,47.047999183988345],[-122.82320525514083,47.047910886805482],[-122.82320424273952,47.047729509648242],[-122.82321317468838,47.046831641432128],[-122.82344767899498,47.046812261339596],[-122.83904266049937,47.045412455990565],[-122.83904236675029,47.04512150617294],[-122.83904181338808,47.043313537024325],[-122.83904260839708,47.042159134285185],[-122.83904335130384,47.041144990921104],[-122.83904391364919,47.040318713110779],[-122.83900014862687,47.040308340824083],[-122.83899878678091,47.040270110944071],[-122.83900378051557,47.039698025874507],[-122.83900384968587,47.039690132241844],[-122.83900402575564,47.039669939009229],[-122.83904436819674,47.0396700663457],[-122.83904444545185,47.03921882626117],[-122.83908281159931,47.039223286748026],[-122.83908220343987,47.038945170456238],[-122.83904449665583,47.038940842794169],[-122.83904476345546,47.037903592658886],[-122.83904474548915,47.037886504516884],[-122.83904479669313,47.037682714287882],[-122.83904482274426,47.037543268753005],[-122.83904485238865,47.03740308084241],[-122.83904488293139,47.03726418374],[-122.83904491347411,47.037122456577862],[-122.83904494311851,47.036983820165197],[-122.83904497186461,47.036846598861004],[-122.83904501678036,47.036641624282325],[-122.83904505450963,47.03650338579493],[-122.83904506798433,47.036434130807628],[-122.83904508145905,47.03636487389371],[-122.83904509493381,47.036295645664907],[-122.83904515961251,47.036074546967555],[-122.83904502306859,47.035149437831421],[-122.83908664920222,47.0351486547683],[-122.83902741249574,47.034163445092382],[-122.83902621234654,47.033560280904695],[-122.83901852097107,47.028988846417086],[-122.839009317731,47.024636192475157],[-122.83900228841388,47.021583248700686],[-122.8387341844207,47.021587420995495],[-122.83556981762842,47.021636476820618],[-122.83524283984814,47.021641540767625],[-122.83452320306731,47.021652701168733],[-122.83439019221814,47.021654749038369],[-122.83412468974602,47.021658858862665],[-122.8340708168801,47.021436294059768],[-122.8340114705792,47.021161197931498],[-122.83400436490528,47.021123842324641],[-122.83395915269705,47.020885442657381],[-122.83392591233658,47.020682846625576],[-122.83392345903754,47.020667781279656],[-122.8339171905935,47.020608931465922],[-122.83387562285033,47.02033227492457],[-122.8338444575982,47.02005502780208],[-122.83383313972394,47.019924630659673],[-122.83382033423953,47.019777447919182],[-122.83380892294049,47.019590929962611],[-122.83380796892965,47.019575341297589],[-122.83380590549946,47.019499592226367],[-122.83379343688331,47.019221643223219],[-122.83379063054637,47.018945065846346],[-122.83378017864804,47.017206141403918],[-122.83377523521902,47.016426671439568],[-122.83376134995969,47.014272129227948],[-122.83358056131381,47.010697497907223],[-122.83357861556289,47.010638124419053],[-122.83357433958216,47.010506596214753],[-122.83356878619706,47.010334958556953],[-122.83354549018679,47.009617599657062],[-122.83353160672409,47.009190878601615],[-122.83352767569639,47.00906927190978],[-122.83352673156703,47.009040171700406],[-122.83352184203693,47.008889453348111],[-122.83351694711695,47.008738553255903],[-122.83350778879264,47.008457592059983],[-122.83350004711153,47.008323772434053],[-122.83349309325291,47.008256978268214],[-122.83348988986062,47.008229035345629],[-122.83348545936963,47.00819022628523],[-122.83347912714517,47.008147286118231],[-122.83347562371557,47.008123572840361],[-122.83346343357718,47.00805713125709],[-122.83345908393459,47.008034257755405],[-122.83345084189185,47.007990725119583],[-122.83344332299291,47.007957519569622],[-122.83343589482384,47.007924558409911],[-122.83342409994414,47.007877640069971],[-122.83341927060118,47.007858534344663],[-122.83340097281715,47.007792763797681],[-122.83338016244528,47.007727317827033],[-122.83335935297171,47.007661899954059],[-122.83333539669972,47.007596955511708],[-122.83331973097948,47.007555161585579],[-122.83331108199992,47.007532073471793],[-122.83328450085067,47.007467648938402],[-122.83325565415029,47.00740365250995],[-122.83323875594147,47.007366794482152],[-122.83322636907199,47.007339748502211],[-122.83319418513031,47.007276505376858],[-122.83318237138604,47.00725348023699],[-122.83316172360921,47.007213322820718],[-122.83311943990881,47.007138952254813],[-122.83311466715971,47.007130544762639],[-122.83309214010731,47.007090507317358],[-122.83308723350923,47.007082678082085],[-122.83304036480762,47.007004258251776],[-122.8329515106462,47.006855603419346],[-122.83286159108292,47.006705171712483],[-122.83284961115028,47.006685128943836],[-122.83275138306891,47.006520780284966],[-122.83273514242688,47.006493646890981],[-122.83271267915488,47.006455994337422],[-122.83261052274075,47.006285113060294],[-122.83252175841093,47.006136622235459],[-122.83243352588372,47.005983730829179],[-122.83237815462792,47.005878076440609],[-122.83232331786971,47.005763386850376],[-122.83229377677161,47.005696250111214],[-122.83224801479439,47.005582777338027],[-122.83222500624501,47.005515596265646],[-122.83218513452113,47.005399176562264],[-122.83214094279906,47.005239999102969],[-122.83209938583568,47.005040252908401],[-122.83207555892109,47.00486969422748],[-122.83206036212144,47.00463946447524],[-122.83206227822792,47.004449271347902],[-122.83207978549451,47.004239261131985],[-122.83212804119496,47.003960797748526],[-122.83217613070703,47.003775797106265],[-122.83228646807846,47.003466764537272],[-122.83234563651294,47.003334512332664],[-122.83236673883729,47.003291707937784],[-122.83240536639451,47.003214399947716],[-122.83246555262022,47.003104016215865],[-122.83285624071706,47.002518124329775],[-122.83305334995504,47.002222467872627],[-122.8330910333829,47.002159635273578],[-122.83312235134862,47.002107326893231],[-122.83312826944972,47.002096674561919],[-122.83315503205867,47.002048462137893],[-122.83316315372716,47.002033074806917],[-122.83319633120551,47.00196896098214],[-122.83322768690053,47.001904472152304],[-122.8332573016605,47.001839551341511],[-122.83328517728208,47.001774281865842],[-122.83331119249272,47.00170866494927],[-122.833334072583,47.001646568128017],[-122.83335728415163,47.001578210141503],[-122.83336158528522,47.00156536815944],[-122.83339262926479,47.001459902912629],[-122.83341329321127,47.001379826843213],[-122.83342738598147,47.001317604662354],[-122.83343986717401,47.00125522189861],[-122.83345934175104,47.001135202860674],[-122.83346383602243,47.001066999829739],[-122.83347418551281,47.000970782602153],[-122.83347445141413,47.000941452529787],[-122.83347865732631,47.000903019236326],[-122.83347933555436,47.000878619036811],[-122.83348159930885,47.000835094047545],[-122.8334817313612,47.00081569724977],[-122.83348220118008,47.000761720557946],[-122.83348227933351,47.000752731278467],[-122.8334141520007,47.000752560351671],[-122.83341679933585,47.000240908998492],[-122.8334182393352,46.999966729865235],[-122.83341872622212,46.999874275396607],[-122.83341998027026,46.999634111992009],[-122.8334221640747,46.999215971723551],[-122.83342434787914,46.998797831246087],[-122.83343105290444,46.997517465941293],[-122.83343709497304,46.996357311988021],[-122.83343762497904,46.996255461149595],[-122.83343767438639,46.996198869778162],[-122.83343654430577,46.996155610561829],[-122.83343636374438,46.996128189451312],[-122.83344020404226,46.995888235293798],[-122.83343932908313,46.995753511085411],[-122.83343500639,46.99561880308022],[-122.83342727818361,46.995484191542246],[-122.8334161040398,46.995349677697661],[-122.8334014866535,46.995215317303291],[-122.83338346914384,46.995081163665695],[-122.83336201018834,46.994947216786485],[-122.83333676393559,46.994811742700556],[-122.83331305919187,46.994700032246293],[-122.83329209251316,46.994597986470382],[-122.83327739697343,46.994547247807795],[-122.83325787658229,46.994473846076559],[-122.83324041243485,46.994414918992305],[-122.83322105104551,46.994345081851748],[-122.83320269756595,46.99428270197599],[-122.83318109667665,46.994212913679917],[-122.83316166701536,46.994150930690267],[-122.83313764247139,46.994080789296881],[-122.83311575681613,46.994019932329884],[-122.83309062914098,46.993950794398152],[-122.83306653812171,46.993889483257867],[-122.83304032258677,46.993821329799061],[-122.83301546350793,46.993759373314951],[-122.8329871917293,46.993691756434544],[-122.8329338012587,46.993561970753603],[-122.8328243469312,46.993340248989952],[-122.8327760499083,46.993246086414466],[-122.83273633628788,46.993172237442884],[-122.83256168223708,46.992869619498201],[-122.83255769551386,46.992862254467383],[-122.83252766393558,46.992814507965107],[-122.83248432920631,46.992745611728793],[-122.83240339010086,46.992622757450022],[-122.83238210541853,46.9925918603222],[-122.83232626075058,46.992510883108707],[-122.83232483781919,46.992508821253956],[-122.83231936797743,46.992500901035029],[-122.83223226283589,46.992380093960563],[-122.83215538860713,46.992277706748702],[-122.83208695854205,46.992189552659255],[-122.83117830544563,46.991037477982594],[-122.83089292595123,46.990675656321372],[-122.83060708202783,46.990313239058395],[-122.83032149502259,46.989951118367131],[-122.8299280248433,46.989452206028794],[-122.82947223134623,46.988874230427015],[-122.82942463590756,46.988813880426143],[-122.82937415328354,46.988749858588243],[-122.82886399464377,46.988099292165032],[-122.82881564821349,46.988037664854538],[-122.82853048161982,46.987673971031526],[-122.82846152514198,46.987586058142128],[-122.82838786059375,46.987492124417649],[-122.82822280414344,46.987281633298743],[-122.82802250768285,46.987026194452909],[-122.82799284441384,46.986987974822064],[-122.82671790775193,46.985368793250956],[-122.82651984090987,46.985123315848497],[-122.82639703043075,46.984971094179414],[-122.82635415474056,46.984917954531085],[-122.82631842514844,46.984873682991953],[-122.82630363887888,46.984855356517734],[-122.82586164979278,46.984307560869929],[-122.82508523050281,46.983321645215874],[-122.82366235119505,46.981514733957987],[-122.82347748329948,46.981292189395141],[-122.82342594874824,46.981234613852607],[-122.82337455613084,46.981177196367355],[-122.82333195891842,46.981129756890951],[-122.82332201007664,46.981119683826194],[-122.82326598933889,46.981062962434002],[-122.8230930124427,46.980887819564487],[-122.82306433282896,46.980860093378787],[-122.82303721808042,46.980831548385289],[-122.82298310805928,46.980780219329958],[-122.82297244236192,46.980771146403185],[-122.82292577757786,46.980727573166675],[-122.82290780588227,46.980713028521883],[-122.82286373453441,46.980677360662675],[-122.82280340906985,46.980626371603087],[-122.82274197328756,46.980576056654336],[-122.8226794622219,46.98052642930157],[-122.82261589922899,46.980477502417003],[-122.82255130317355,46.980429290711534],[-122.8224856848353,46.980381810121798],[-122.82241905409576,46.980335075358809],[-122.82237712163661,46.980304824452965],[-122.82235333694283,46.98028766700476],[-122.8223113649578,46.980261646141301],[-122.82228252634224,46.980244095212861],[-122.82224374696973,46.980219198956284],[-122.8222114534336,46.980200879466693],[-122.82217445182704,46.980176797090451],[-122.82214241610738,46.98015594456551],[-122.82207071168308,46.980113203115344],[-122.82199798228106,46.980071316595883],[-122.82192421801979,46.980030302782559],[-122.82184942069598,46.979990182515309],[-122.82180980589027,46.979971344451464],[-122.82177123043536,46.97995300097466],[-122.82173538496056,46.979933613144759],[-122.82169634687325,46.979913028353437],[-122.8216610619472,46.979895890391724],[-122.82161992898868,46.979874376459399],[-122.8215856950915,46.979859281828745],[-122.82154053678217,46.979839369338976],[-122.82146251270986,46.979805051686796],[-122.82138414548109,46.979772090932194],[-122.82130479010554,46.979740131606199],[-122.82122389142431,46.979708863592165],[-122.82114110178941,46.979678087704556],[-122.82105636909856,46.979647767171194],[-122.82096997182946,46.979618046020441],[-122.82088245166629,46.979589209244146],[-122.82084647054589,46.979578177951907],[-122.82082303529677,46.979570991890284],[-122.82080282859275,46.979564796247978],[-122.82071488352645,46.979537831804059],[-122.81841951190572,46.98059895784651],[-122.81823089713708,46.980686112460951],[-122.81782285448729,46.980875027768164],[-122.81640748868854,46.98152887389621],[-122.81619534704262,46.981529228130071],[-122.8161624031262,46.98154452943632],[-122.81546997990858,46.981866139609345],[-122.81518766366929,46.981997177565091],[-122.81481008378907,46.982171456353505],[-122.80889851973764,46.98489973470317],[-122.80741147287081,46.985591073267194],[-122.807287418225,46.985648746458054],[-122.80717155711294,46.985702318026213],[-122.80201992287607,46.988084140416319],[-122.80164141952773,46.988259121221148],[-122.79714897982615,46.990338444960386],[-122.79688881963503,46.990538524926066],[-122.79660178274892,46.990718313958098],[-122.79458877857145,46.9916442819274],[-122.79127227310266,46.993178904534076],[-122.78987094078532,46.99381993340927],[-122.78538927547723,46.995869884411874],[-122.78477227121761,46.996151756718739],[-122.78480530496554,46.996151901314477],[-122.78561055568454,46.996155408985629],[-122.78565948422315,46.996155620977611],[-122.78568868575806,46.996155750255966],[-122.78573034512937,46.996213107539326],[-122.78574144471301,46.996228612958106],[-122.78574948912639,46.996240445280066],[-122.78575928974614,46.996256703689973],[-122.78576190653857,46.996265486635835],[-122.78576644392906,46.99627347185492],[-122.78577678263966,46.996284875282406],[-122.78578774028949,46.996296960020999],[-122.78579382457893,46.996303645715763],[-122.78579986754585,46.996310333247834],[-122.78580595273357,46.996317045899374],[-122.78581203522637,46.996323731591673],[-122.78581884176127,46.996331281178328],[-122.785827183517,46.996340447656785],[-122.78583443561628,46.996354271813594],[-122.78584155745985,46.996363900257364],[-122.78589937123492,46.996443711197131],[-122.78595727933306,46.996525579428699],[-122.78596724344619,46.996540804145198],[-122.78597594812129,46.996554819409106],[-122.78598433748773,46.996568950467577],[-122.78599606499378,46.996587625834444],[-122.78600810780847,46.996606211742261],[-122.78601671007564,46.996617966169154],[-122.78602500601731,46.996628299156818],[-122.78603153497275,46.99663593570213],[-122.78604247106304,46.99664872801597],[-122.78604855355584,46.996656237119268],[-122.7860544357243,46.996663805039582],[-122.78606012295838,46.996671458735101],[-122.78606561076646,46.996679171247514],[-122.78607601235913,46.996692549892849],[-122.78608311443976,46.99670220584661],[-122.78609001889102,46.996711948187475],[-122.7860966475595,46.996721778140859],[-122.78610820977552,46.996737741089184],[-122.78612016725027,46.996753558826029],[-122.78612598743501,46.996761484541565],[-122.78613338506138,46.996771011205958],[-122.7861438261799,46.996783511236018],[-122.78615421968776,46.996795394288014],[-122.78616234225456,46.996804989567238],[-122.78617062022991,46.996814033427242],[-122.78617937071907,46.99682288980383],[-122.78625324726971,46.996899810022541],[-122.78626067094723,46.996908582447055],[-122.78632613387694,46.996976886364997],[-122.78633470290643,46.996984538790272],[-122.78634694694374,46.996992707707115],[-122.78636222279516,46.997001480116381],[-122.78637312474945,46.99700825088609],[-122.78638727411349,46.997017550813545],[-122.7863975957561,46.997024743720232],[-122.78640760298838,46.997032122269118],[-122.78645430729831,46.997068909616708],[-122.78649310553543,46.997099541927852],[-122.78650998128636,46.997112313912162],[-122.78652085359622,46.997121060569093],[-122.78653131627435,46.997130021050793],[-122.78655667661315,46.99715153048956],[-122.78657706657346,46.997167897679688],[-122.78658539036286,46.997174018372739],[-122.78659719602234,46.997181862539215],[-122.78660952539961,46.99718931029944],[-122.78662109210723,46.997195657069632],[-122.7866323291331,46.997201405861759],[-122.78664761396767,46.997208789900384],[-122.78666324465361,46.997215798364245],[-122.78667964519576,46.997222694093807],[-122.78669345858988,46.99722804402748],[-122.7867093893131,46.997233303283764],[-122.78672692981735,46.997237989069973],[-122.78674904813629,46.997243622673508],[-122.78676338345159,46.997248199401561],[-122.78677722559181,46.997253417606217],[-122.78678725618028,46.997257749261031],[-122.78682286719477,46.997274806909893],[-122.78684467020501,46.997284754394407],[-122.78686365879349,46.997294152302594],[-122.78687879630435,46.997302253777264],[-122.78688990037956,46.9973085662239],[-122.78692300419611,46.99732696317546],[-122.78694963205778,46.997342384946556],[-122.78696670364143,46.99735151816688],[-122.78697675309451,46.997357167075421],[-122.78698668756324,46.99736292749111],[-122.78708732762115,46.997413783565399],[-122.78712104768196,46.997430713727191],[-122.78714752283003,46.997444574975347],[-122.78717526639926,46.997459509020274],[-122.78718358390047,46.997464876085218],[-122.7872632653645,46.99753176339356],[-122.78734263511311,46.997600181085531],[-122.78735709709086,46.997612821837286],[-122.7873680080283,46.997622829913894],[-122.78737629319018,46.997630693007466],[-122.78738557727863,46.997639813312318],[-122.78739998266254,46.997655582993332],[-122.787414110467,46.997671494810618],[-122.78742423088698,46.997685729116021],[-122.78743343592369,46.997699241072716],[-122.78745133395742,46.997723858998675],[-122.78746879720654,46.997748622730029],[-122.78749016273727,46.997777124993135],[-122.78750293678058,46.997793227928739],[-122.78751537485404,46.997809008592625],[-122.78752852259652,46.997824501294858],[-122.78753686974214,46.997833296236493],[-122.78754772588236,46.997843881410979],[-122.78756361348645,46.99785652149243],[-122.78757444447386,46.997864322058845],[-122.78758927026929,46.997874404221882],[-122.78760462247749,46.997884133482891],[-122.78762338109728,46.997895929290507],[-122.78763650638187,46.99790300689633],[-122.78765362557625,46.997910602210389],[-122.78767251535005,46.997917788257475],[-122.78768302204561,46.997922472145611],[-122.78769470463587,46.997928946264729],[-122.78770547813109,46.997936137210779],[-122.78772591480379,46.997952200887397],[-122.78774045762992,46.997963508992321],[-122.7877636359609,46.997982483468739],[-122.78778634447296,46.998001712810144],[-122.78779450926059,46.99800784994985],[-122.78780242611316,46.998014226031088],[-122.78781094124378,46.99802165345708],[-122.78782082900008,46.99803098751778],[-122.78782756905966,46.998037990359741],[-122.78783431091588,46.998045486401715],[-122.78784433701276,46.998055442320165],[-122.78785638970892,46.998065173386209],[-122.78786843791352,46.99807495040092],[-122.78787808312471,46.998082307973917],[-122.78788827540994,46.998089307133156],[-122.78790412708143,46.99810106368448],[-122.78791781471142,46.998110479829229],[-122.78793233957124,46.998119294329335],[-122.78794537502435,46.998126386609655],[-122.78797958826024,46.998145337134062],[-122.78799908978675,46.998156699725818],[-122.78801367842696,46.998165085348873],[-122.78802712800341,46.998173109494985],[-122.78804034311955,46.998181275166765],[-122.7880551168127,46.998190178492329],[-122.78806379364003,46.99819566189128],[-122.788072355483,46.998201228612757],[-122.78809103954259,46.998213184257274],[-122.78810200168401,46.998220351270881],[-122.78811575219606,46.998229712866994],[-122.78812926914614,46.998239217213545],[-122.78815779874125,46.99825847035666],[-122.78817587823468,46.99827123348657],[-122.78820051902291,46.998289574966435],[-122.78821732829853,46.998302664028827],[-122.78823530897724,46.998318858093732],[-122.78824440441952,46.998327514490903],[-122.78826517975706,46.99835018445436],[-122.78827545109402,46.998362055517291],[-122.7882854071223,46.998374044209861],[-122.78829395459225,46.99838470831137],[-122.7883021094984,46.998396010810787],[-122.78830750837326,46.998404397008926],[-122.78831845793826,46.998420947002913],[-122.78832357025053,46.998429187994937],[-122.788328010623,46.99843667356668],[-122.78833251118256,46.998444625377253],[-122.78833677099361,46.998452609045337],[-122.78834356495214,46.998466071182101],[-122.78834834937933,46.998476472431122],[-122.78835271429331,46.998486935557473],[-122.78835829552617,46.998502746649784],[-122.78836093657307,46.998513192616358],[-122.78836253737093,46.998524165473974],[-122.78836338538056,46.998536744740562],[-122.78836338987212,46.998545070875309],[-122.78836164264891,46.998556655779865],[-122.78835716454721,46.99856960386365],[-122.78835228849185,46.998581715042832],[-122.7883493294413,46.998592699527045],[-122.78834745555562,46.998603793063538],[-122.78834675307306,46.998613554663009],[-122.78834842663444,46.998641498326769],[-122.78835076764406,46.998665651418648],[-122.78835185280893,46.99867808606303],[-122.78835279065008,46.998686051316291],[-122.78835396654479,46.998693984709838],[-122.78835530144133,46.99870191565153],[-122.788360990472,46.998739940656172],[-122.78836538143709,46.998763827194828],[-122.78836790929634,46.998776735405293],[-122.78837029252676,46.998785783832872],[-122.7883751784636,46.998805702744036],[-122.78837940593533,46.998821451250393],[-122.78838403315734,46.99883716421769],[-122.78838933950573,46.998851890180745],[-122.78839490546726,46.998865170868775],[-122.78843281527057,46.998949388010999],[-122.78846979172428,46.999030976706308],[-122.78847354847881,46.999038379484539],[-122.78847857994268,46.99904752773152],[-122.7884840461912,46.999056557120767],[-122.78850029761301,46.999083471284024],[-122.78851459879233,46.999108296876514],[-122.78852262164614,46.999125727044273],[-122.78852821635373,46.999138731967541],[-122.78853464020632,46.999155507805277],[-122.78853958812689,46.999168615647974],[-122.78854480464376,46.999179445008842],[-122.78854912913353,46.999187380779794],[-122.78855471395964,46.999196353168138],[-122.78855939238566,46.999203807386834],[-122.78856426933933,46.999211202789233],[-122.78856934212574,46.999218511193128],[-122.78857461523646,46.999225788963088],[-122.78858034738629,46.999234182382914],[-122.78858927843683,46.999245655634255],[-122.7886021710578,46.999259839895032],[-122.78861549397176,46.999274103184881],[-122.78866920514092,46.999332320355009],[-122.78867552389063,46.999339741471246],[-122.7887332262746,46.999402406455502],[-122.7887414305881,46.999411816857013],[-122.78874823981795,46.999420868240328],[-122.78875425044551,46.999429983338381],[-122.78876043085465,46.999440745254113],[-122.78878858944557,46.999443827526179],[-122.78881454177412,46.999443953733291],[-122.78886604398599,46.999444185317223],[-122.78932869612025,46.999446426412554],[-122.78986576559096,46.999475694814755],[-122.78986535236591,46.999448843340026],[-122.79006608001785,46.999449473762908],[-122.79061826723648,46.99945211982353],[-122.79113089624325,46.999454477323134],[-122.79124695767966,46.999454238387344],[-122.79131492241741,46.999361635381611],[-122.79137030085973,46.999361288617848],[-122.79181142846146,46.999364032707895],[-122.79180800049033,46.999117176153888],[-122.7919889472397,46.999118292419801],[-122.79224942094285,46.999119912904575],[-122.79250993327356,46.999121532776684],[-122.79301479903967,46.999124686135637],[-122.79306568949882,46.999303516881312],[-122.79311573464329,46.999479370135354],[-122.79314987511566,46.999557320690997],[-122.79326491337096,46.999819971823001],[-122.79349025396333,47.000334453342035],[-122.79357308312413,47.000523561423613],[-122.79365591497982,47.000712670061098],[-122.79373874683556,47.000901778641932],[-122.79375167628744,47.00093130110465],[-122.79382157689462,47.001090894517645],[-122.79386714663237,47.001194937952491],[-122.79390440425877,47.00128000421023],[-122.79392465138697,47.001326230554611],[-122.79400305903989,47.001494569954197],[-122.79411214326149,47.001728767784932],[-122.79439669630582,47.001860620242645],[-122.79466207481045,47.001983585611264],[-122.79490131054364,47.002094437253533],[-122.79496071972663,47.002107855588939],[-122.7951619791812,47.002153307471794],[-122.79523473193944,47.002169749095216],[-122.79598640443994,47.002339594726799],[-122.79625282049872,47.002399792226896],[-122.79651923745578,47.002459989046528],[-122.79678565620948,47.002520185798332],[-122.79705207406485,47.002580380644467],[-122.79731849281858,47.002640576035354],[-122.79758630755423,47.002701026820404],[-122.79805130069813,47.002806142875777],[-122.79806618129081,47.002790386354633],[-122.798337336861,47.002503249285098],[-122.79848004951522,47.002352124085249],[-122.79853805463144,47.002214028975459],[-122.79862567720258,47.002005423301895],[-122.79873864394283,47.001880590693439],[-122.79893947400269,47.001658663293988],[-122.79910230532603,47.001478724214515],[-122.79923330215233,47.001480035248214],[-122.79923468915113,47.001199510666268],[-122.79923562968723,47.001007489433043],[-122.79923656842669,47.000815469960294],[-122.79923750716617,47.000623449184708],[-122.79923844590563,47.000431428331666],[-122.79923938554344,47.0002392425992],[-122.79924032338459,47.000047387005836],[-122.79924125942911,46.99985616175433],[-122.799321444848,46.999856363929233],[-122.79994977327011,46.999858042593459],[-122.80061044912729,46.999859794775794],[-122.80068379477362,46.999859978571145],[-122.80069063634281,46.999859995725394],[-122.80068664961958,47.000678058262565],[-122.80068664692465,47.000678433811977],[-122.80068285603414,47.001456353317984],[-122.80068284615267,47.001458400736951],[-122.80067802040296,47.002448351077618],[-122.80067802040296,47.002448468700926],[-122.80067359799683,47.003355720932134],[-122.80067359799683,47.003355813436421],[-122.8006734614529,47.003383595953814],[-122.80067345426639,47.003385177714783],[-122.79924366332081,47.003376752478673],[-122.79924130883646,47.004336657241318],[-122.79924018055247,47.004687865078303],[-122.79923846027869,47.005191382143266],[-122.79921530979549,47.005178791579098],[-122.79913141972439,47.005133302451831],[-122.79905036024473,47.005091211941767],[-122.79896608838961,47.00504902277126],[-122.79891954308148,47.005026535139521],[-122.7988807771837,47.005007841281476],[-122.7987944257287,47.004967669312556],[-122.79870707894037,47.004928560774957],[-122.79867836429229,47.004916192520149],[-122.79861873053048,47.004890485653902],[-122.79852938768558,47.00485347396873],[-122.79843916718664,47.004817550838055],[-122.79834802950784,47.004782688697198],[-122.7983378066799,47.004778944518229],[-122.79825601866654,47.004748940844124],[-122.7981631301712,47.004716280939277],[-122.79806944756518,47.004684735326265],[-122.79799797939781,47.004661710294435],[-122.79797497174675,47.004654329123603],[-122.79787974044517,47.004625035991452],[-122.79778375635534,47.004596884111173],[-122.79768709852911,47.004569897375852],[-122.79758973103378,47.004544077012426],[-122.79749173022617,47.004519421797418],[-122.79747747126767,47.004516007177564],[-122.79739313742878,47.004495930507218],[-122.79729395174333,47.004473604368627],[-122.79719417766135,47.004452496679079],[-122.79709047524666,47.004431921329505],[-122.79699313470077,47.004413823322153],[-122.7968919089413,47.004396311566076],[-122.79684657186723,47.004389054103612],[-122.7967902528888,47.004380015813929],[-122.79668554525929,47.004364549516524],[-122.79668679661248,47.004549515039649],[-122.79644929446361,47.004520963005213],[-122.79621121233136,47.004497738283902],[-122.79620081792521,47.004496846341247],[-122.79604900803211,47.004484971740581],[-122.79596468227807,47.004478343428481],[-122.79596453854764,47.004458605510891],[-122.79579983390516,47.00445913066762],[-122.79563517753689,47.004455108798979],[-122.79493352323141,47.004422681502071],[-122.79493274978195,47.004458340255809],[-122.79405225886971,47.004430133766384],[-122.79405229210737,47.004449259095956],[-122.7936514755057,47.004447032300256],[-122.79136586228391,47.004438732814357],[-122.79138205980678,47.005908009646205],[-122.7913872332045,47.006374320193657],[-122.79139357081885,47.006949665441461],[-122.79141636197592,47.008919855302537],[-122.79141642755293,47.008925622434717],[-122.7914341863478,47.010460760032551],[-122.79143419173766,47.01046115633919],[-122.7914354107515,47.010566492948378],[-122.79143544758246,47.01056975037416],[-122.79143350272986,47.010569739961191],[-122.79135329844635,47.010569279952421],[-122.79091219599742,47.010566750210273],[-122.79067159392667,47.010565369571289],[-122.78634277247262,47.010540443335124],[-122.78618273311321,47.010539519029351],[-122.7861826163322,47.010522618747657],[-122.78617759295314,47.009791637091027],[-122.78617740251028,47.009764423891021],[-122.78617681591042,47.009681347804957],[-122.78617584393328,47.009543735946643],[-122.78617413174436,47.009296691824304],[-122.78617166407226,47.008940881595748],[-122.78616984588211,47.008679526743599],[-122.78616612056864,47.008141783526298],[-122.78616350557287,47.007768616057007],[-122.78616213025215,47.007525806337583],[-122.78616092111977,47.007278857630638],[-122.7861595071715,47.007000007633742],[-122.78615888913062,47.00691559858312],[-122.78615689037909,47.0066431223539],[-122.78615641966188,47.006578799048171],[-122.78615569112817,47.006485752635257],[-122.78615555188932,47.006468002041366],[-122.78557475602382,47.00647366775079],[-122.78511445927226,47.006468686288059],[-122.78497403732197,47.006466892667369],[-122.78487373592893,47.006465630149457],[-122.78487315921053,47.006358717256489],[-122.78487175065217,47.006103719372383],[-122.78486997647948,47.005859822714704],[-122.78486742616239,47.005558928765339],[-122.78482488554381,47.005555803965052],[-122.78476658039027,47.005551559970172],[-122.78470299224458,47.005545991564176],[-122.78463955411752,47.005539651299152],[-122.78457632170468,47.005532539787509],[-122.78451325817511,47.005524669280604],[-122.78445469610342,47.005516684831484],[-122.78427225545576,47.005489881111615],[-122.78410411419073,47.005454383544269],[-122.78408185034475,47.005449658047873],[-122.78370453007764,47.005357705588267],[-122.78333178403199,47.005266447033911],[-122.78296114543394,47.005175725565223],[-122.78261910021141,47.005091977680728],[-122.7822809419991,47.005009171831574],[-122.7818162291296,47.004895368023682],[-122.78149586564477,47.004816900875483],[-122.78091212510179,47.004673434769813],[-122.78091224457772,47.004708127905573],[-122.78046979735083,47.004606449197325],[-122.78036811704382,47.004581621258744],[-122.77950430245652,47.004382709413093],[-122.77913738737534,47.004301710247816],[-122.77875768118285,47.004218079837685],[-122.77756751134774,47.003975579271597],[-122.77757436908662,47.00377553674862],[-122.77727434705309,47.003717696884955],[-122.77686960661025,47.003639666634164],[-122.77686944850676,47.003673820734129],[-122.77572942622407,47.003465139896086],[-122.77565174261328,47.003456775933621],[-122.77550977735733,47.003441487025839],[-122.77522869630157,47.003414643057688],[-122.77494699630655,47.003391139029489],[-122.77488890405377,47.003387086609791],[-122.77482956314273,47.003382949649477],[-122.77476921791522,47.003378752652985],[-122.77458620953226,47.003365984617055],[-122.77400808615478,47.003353494703475],[-122.77376715170735,47.003348044914873],[-122.77318599292251,47.003334904403879],[-122.77198357006692,47.003307732634973],[-122.77179956455404,47.003317570564079],[-122.7716425713817,47.003327828130196],[-122.77161581146774,47.003329558757336],[-122.77143243387721,47.003343749285243],[-122.77124939045996,47.00336011457857],[-122.7710668402178,47.00337865218485],[-122.77088474362489,47.003399336372127],[-122.77056038263703,47.003441754736457],[-122.77048263704245,47.003454587690939],[-122.77044138370965,47.003460658655094],[-122.77039958689612,47.003466249945049],[-122.7701370821021,47.003516129837188],[-122.77011582526755,47.003577580633873],[-122.77009772511288,47.003622660025897],[-122.77007633353102,47.003659194117262],[-122.77005300068983,47.005419928577084],[-122.77005219849427,47.005507268154219],[-122.77004999313027,47.005559295091643],[-122.77004642322531,47.005611297475035],[-122.77004156423794,47.00566321588375],[-122.77003538113387,47.005715109738595],[-122.77002787121808,47.005766893278015],[-122.77001907221985,47.005818594681116],[-122.77000894551166,47.005870186994571],[-122.76999753061935,47.005921669606096],[-122.76998482574631,47.005972986771091],[-122.76997078867167,47.006024139715237],[-122.7699511137703,47.006092275772403],[-122.76990330363427,47.006257848454965],[-122.76988277443508,47.006328951536965],[-122.7697658146834,47.006734028777601],[-122.76973134632594,47.006853409802801],[-122.76968814724223,47.007003023312194],[-122.76968665963213,47.007008168893634],[-122.76992247547905,47.007040070262192],[-122.77004933736009,47.00706880218241],[-122.77035076885032,47.007137068609119],[-122.77034968997366,47.007202123872716],[-122.77034968817702,47.007202420355114],[-122.77034861648688,47.007267082884098],[-122.77034861379197,47.007267379978735],[-122.77038214161331,47.007267359764064],[-122.77042658845691,47.007267332811153],[-122.77057814143188,47.007267238475947],[-122.77061792062928,47.007267212748154],[-122.7706181326317,47.007267212135574],[-122.77064968865099,47.007267207847626],[-122.77080911266447,47.007267100648548],[-122.77080919261454,47.007267193146014],[-122.77082916575655,47.007290141709255],[-122.77093979328382,47.007417256956543],[-122.77100382160398,47.007489619763902],[-122.77102451249992,47.00750739145797],[-122.77104607566001,47.007524673095539],[-122.77106848413476,47.007541443237358],[-122.77108674329122,47.007554206599977],[-122.77109171366972,47.007557681056802],[-122.77111573821367,47.007573370015095],[-122.77114052902057,47.007588491123293],[-122.77116605644599,47.007603026005057],[-122.77119229084555,47.007616959346777],[-122.77121920347314,47.007630273997229],[-122.77124676378604,47.007642955867873],[-122.77127493764833,47.00765498780747],[-122.77130369361889,47.007666358177815],[-122.77159166565119,47.007774327570502],[-122.77167059522532,47.007816859459837],[-122.77173538801183,47.00785179741554],[-122.77219174475256,47.008050388227481],[-122.77219441544389,47.008051676435322],[-122.7721970196599,47.008053027124014],[-122.77219955650227,47.008054437843199],[-122.77220201968279,47.008055906755317],[-122.77220440830312,47.008057432635205],[-122.77220671966835,47.008059013032636],[-122.77220895018519,47.008060646722491],[-122.77221109715873,47.00806233247966],[-122.77221315789397,47.008064066628791],[-122.772215132391,47.00806584916986],[-122.77221701615814,47.008067675814949],[-122.77221880650049,47.008069545339005],[-122.77222050251974,47.008071455904293],[-122.77224446148669,47.008100925400527],[-122.7722670541161,47.008130895339001],[-122.77228825795004,47.008161336928751],[-122.77230805142902,47.008192218316097],[-122.77231330298018,47.008199167146422],[-122.77231889409451,47.008205991014563],[-122.77232481578886,47.00821268195736],[-122.77233106357168,47.008219233849232],[-122.77233762845977,47.00822563811446],[-122.77234450596157,47.008231887402488],[-122.77235168529732,47.008237976200377],[-122.7723686356084,47.008259833998927],[-122.77238445853384,47.008282083210887],[-122.77239913431062,47.008304697496008],[-122.77241264587083,47.00832764867625],[-122.7724249752481,47.008350909798835],[-122.77243610896772,47.008374450235713],[-122.77244603175835,47.008398243646717],[-122.77245473373853,47.008422260016381],[-122.77246220143347,47.008446469329378],[-122.77246402860673,47.008453623944334],[-122.77246732632217,47.008466534101551],[-122.7724684276567,47.008470842182881],[-122.77247268567115,47.00849181536077],[-122.77247340342504,47.008495349174169],[-122.77247712424696,47.008519960288005],[-122.77247958473251,47.00854464612182],[-122.77248078218679,47.008569374210261],[-122.77248071571147,47.008594116988483],[-122.7724793835099,47.008618841991265],[-122.77247678827706,47.008643521041357],[-122.77247293270784,47.008668122286132],[-122.77246782309051,47.008692616935917],[-122.77246146391663,47.008716973750772],[-122.77245386416932,47.008741163941146],[-122.77244503193343,47.008765157492341],[-122.77251518856052,47.008754459934849],[-122.77257337783134,47.00874426956608],[-122.77258482057141,47.008742265917341],[-122.77263352632781,47.008732615814836],[-122.77263473186693,47.008732376920541],[-122.77265152946444,47.0087290489395],[-122.77265177111123,47.008729697629349],[-122.77265299551499,47.008732983957003],[-122.77265912022858,47.008749366588383],[-122.77266356239768,47.0087612426913],[-122.77267480750839,47.008789376450686],[-122.77268680900058,47.008817383397727],[-122.77270111826473,47.008848683388614],[-122.77270311521961,47.008853143351011],[-122.77270523344707,47.008857573298165],[-122.77270746755717,47.008861946277996],[-122.77270982383816,47.008866343759387],[-122.77271229869676,47.00887068304835],[-122.77271485081047,47.008874994159783],[-122.77271752329847,47.008879273418394],[-122.77272031346574,47.008883523274378],[-122.77272318358307,47.008887716163045],[-122.7727262127022,47.008891905988683],[-122.77272931907648,47.008896038234546],[-122.77273250450247,47.008900141077781],[-122.77273581030269,47.008904213293356],[-122.77273923288394,47.008908228541657],[-122.7727427336186,47.008912213774877],[-122.77274635562583,47.008916168992975],[-122.7727500926174,47.008920038454171],[-122.77275387003317,47.008923907915083],[-122.77275780375579,47.008927691006519],[-122.77276181832681,47.00893147164755],[-122.77276590925462,47.008935167756803],[-122.77277007833585,47.008938806898918],[-122.77277436509638,47.008942416026024],[-122.77277877133284,47.008945967573396],[-122.77278321350194,47.008949462766282],[-122.77278993110362,47.008954510152698],[-122.77279336536296,47.008956949926805],[-122.77279691819992,47.008959303944252],[-122.77280058602122,47.008961572817569],[-122.77280436972519,47.008963728369686],[-122.77280827110847,47.008965826342305],[-122.77281224795021,47.008967811606212],[-122.77281634157298,47.00896971172606],[-122.77282054928178,47.008971498524772],[-122.7728248342457,47.008973173839863],[-122.77282919556639,47.00897476339842],[-122.77283363054893,47.008976241473441],[-122.77283814368494,47.008977606839807],[-122.77284268197376,47.008978869298346],[-122.77284733614522,47.008980046612855],[-122.77285202445269,47.008981084266736],[-122.77285747542984,47.008982134171546],[-122.77286154749304,47.008982825124065],[-122.77286634269998,47.008983528940043],[-122.77287121336548,47.00898412065996],[-122.77287607953939,47.008984600283888],[-122.77288242434024,47.008985023553521],[-122.77288671379571,47.008985100121869],[-122.77289099606466,47.008985038867174],[-122.77289527294371,47.008984812225009],[-122.77289954263627,47.00898441958266],[-122.77290376651474,47.008983889117374],[-122.77290794457913,47.008983192651961],[-122.77291203550693,47.008982360813775],[-122.77291608062065,47.008981362975433],[-122.77292007992031,47.008980227926656],[-122.77292395345582,47.008978956892484],[-122.77292774165134,47.008977549260408],[-122.77293140408278,47.008976005642971],[-122.77293494075005,47.008974326040111],[-122.77293835165318,47.008972539241555],[-122.77294159816462,47.008970617070105],[-122.77294483659121,47.008968500108722],[-122.77295357719893,47.008962809549551],[-122.77296215251663,47.008957010568913],[-122.77297060476515,47.008951103779445],[-122.77297889082531,47.008945089181054],[-122.77298705471462,47.008938994950896],[-122.77299505421223,47.008932792299142],[-122.77300284889394,47.008926511853232],[-122.77301051960818,47.008920121760589],[-122.77301802593068,47.008913625696479],[-122.77302536965813,47.008907076952532],[-122.77303254899387,47.008900421624531],[-122.77303956393794,47.008893659099847],[-122.77304641628693,47.008886843282674],[-122.77305306471834,47.008879949671076],[-122.77305954965637,47.008872947637613],[-122.77307157001319,47.008859269443498],[-122.77307375112271,47.008856759221899],[-122.77307588911306,47.008854195708523],[-122.77307794805172,47.008851633420093],[-122.77307996476954,47.008849016002237],[-122.77308190063896,47.008846400421888],[-122.77308375655834,47.008843759726922],[-122.7730855702569,47.008841091467183],[-122.77308730400539,47.008838398092827],[-122.77308895510889,47.008835677153662],[-122.77309052716063,47.0088329592771],[-122.77309205699156,47.008830213835758],[-122.77309354639829,47.008827441442108],[-122.7730949154308,47.008824672111061],[-122.77309623954751,47.008821880115612],[-122.77309748101924,47.008819061780393],[-122.7730986425409,47.008816245895218],[-122.77309972411251,47.008813403057808],[-122.77310076256497,47.008810534493179],[-122.77310172286401,47.008807694105599],[-122.77310260051806,47.008804801038728],[-122.77310340001864,47.008801937374066],[-122.77310411687426,47.008799047982137],[-122.77310479330566,47.008796131025399],[-122.77310538978701,47.008793217131242],[-122.77310590541998,47.008790303849494],[-122.77310634020458,47.008787393017734],[-122.77310669503912,47.008784455846275],[-122.7731070112461,47.008781547464373],[-122.77310720438389,47.008778613967898],[-122.77310735889411,47.008775681696292],[-122.77310743255596,47.008772751262207],[-122.77310742447112,47.008769793875793],[-122.77310733823285,47.008766867116684],[-122.77310717114622,47.008763940969935],[-122.77310696543202,47.008761016660699],[-122.77310663754693,47.008758067236727],[-122.77310627103428,47.008755145989923],[-122.77310582277498,47.008752225968038],[-122.77310488762878,47.008747273507645],[-122.77310423006196,47.008743225169574],[-122.77310385276954,47.008739143753473],[-122.77310379887064,47.008735082551247],[-122.77310406477194,47.008731015223177],[-122.77310461004932,47.008726941156759],[-122.77310551914439,47.008722914256374],[-122.77310666988627,47.008718910019994],[-122.77310814312335,47.008714980514398],[-122.77310994065225,47.008711072447703],[-122.77311202204876,47.008707269126759],[-122.77311438731287,47.008703514809483],[-122.7731169978171,47.008699865238],[-122.77311993351147,47.008696319187159],[-122.77312311264924,47.008692877882154],[-122.77312653882373,47.008689541935468],[-122.77313021293322,47.008686366476674],[-122.77313413138451,47.008683296988814],[-122.77313829777081,47.008680386763821],[-122.77314263214204,47.008677638864398],[-122.77314689824134,47.008675196627337],[-122.77315042233219,47.008673213190193],[-122.77315403266132,47.008671337561751],[-122.77315776516134,47.008669542177337],[-122.77316154167876,47.008667830099682],[-122.77316544306207,47.008666223993181],[-122.77316942888696,47.008664699968321],[-122.77317345783102,47.008663258025159],[-122.77317757301336,47.008661924503365],[-122.77318173131479,47.008660700015447],[-122.77318597585452,47.008659585173987],[-122.77319026351337,47.008658551189178],[-122.77319459518966,47.008657628075909],[-122.77319897178174,47.008656813384036],[-122.77320339508617,47.008656108951243],[-122.77320786150977,47.008655513552362],[-122.77321233242493,47.008655001460276],[-122.77321680873001,47.008654627192044],[-122.77322132815419,47.008654334393022],[-122.7732258547649,47.008654180642893],[-122.77323042449478,47.008654107136842],[-122.77323495829199,47.008654146340085],[-122.77324227327335,47.008654455677977],[-122.7732501928209,47.008654863023935],[-122.77325811775836,47.008655381241496],[-122.77326600766148,47.008656009105543],[-122.77327389936126,47.008656693324205],[-122.77328175512842,47.008657488414457],[-122.77328961628547,47.008658393763746],[-122.77329740108571,47.008659384257527],[-122.77330519037756,47.008660456832992],[-122.77331298236432,47.008661640892598],[-122.77332069979093,47.008662908871564],[-122.77332837948829,47.008664260157275],[-122.77333606367725,47.008665722927141],[-122.77334367150937,47.008667269616296],[-122.77335124340891,47.008668900224791],[-122.77335877218931,47.008670649055446],[-122.77336625515562,47.008672459753555],[-122.77337370308764,47.008674382548293],[-122.77338107376455,47.008676388649768],[-122.77338840940713,47.008678507460353],[-122.77339566779466,47.00868068262546],[-122.77340289114785,47.008682969887154],[-122.77341604607689,47.00868737718406],[-122.77342861171105,47.008692017862131],[-122.77344102283502,47.008696800038784],[-122.77345336029714,47.008701749441101],[-122.77346554235071,47.008706840954524],[-122.77347757079235,47.008712073966407],[-122.77348952467383,47.008717447251627],[-122.77350128541755,47.008722963260347],[-122.77351293027857,47.008728619542325],[-122.77352442242602,47.008734445499876],[-122.77353575826658,47.00874038477842],[-122.77354697912278,47.008746466167722],[-122.77356198458132,47.008754959774983],[-122.77356642046217,47.008757664791993],[-122.7735707404604,47.008760482517893],[-122.77357494367757,47.008763386000503],[-122.77357895196039,47.008766403417077],[-122.77358280483465,47.008769535992684],[-122.77358649780876,47.008772727372801],[-122.77359007759517,47.008776030236639],[-122.77359341842973,47.008779394967711],[-122.77359664338159,47.008782844842841],[-122.7735996716024,47.008786381087162],[-122.77360250039725,47.008789977361005],[-122.77360517198689,47.008793632439279],[-122.77360764864213,47.008797375111776],[-122.77360992407473,47.008801148411408],[-122.77361208901459,47.008805146516131],[-122.77361640362291,47.008812754981484],[-122.7736205592294,47.00882039407319],[-122.77362451810485,47.008828093193515],[-122.77362827755432,47.008835851117382],[-122.77363179895022,47.008843641505138],[-122.77363516224266,47.00885149130896],[-122.77363832521078,47.008859344786892],[-122.77364129054953,47.008867257680819],[-122.7736440573606,47.008875203038592],[-122.77364662474571,47.008883179635106],[-122.77365093126913,47.008898485974441],[-122.77365293361392,47.00890733238483],[-122.77365469610851,47.008916184306642],[-122.77365621875292,47.008925069304588],[-122.77365754197133,47.008933984928376],[-122.77365866666207,47.00894290545105],[-122.77365896849601,47.008946415345235],[-122.77364646843883,47.009123611410345],[-122.77371561805445,47.009171199391908],[-122.7737254420304,47.009177961268904],[-122.77398251201693,47.009354876021483],[-122.77435183009152,47.009609036970041],[-122.77435879203493,47.009613827640152],[-122.77451477550089,47.009721174432805],[-122.77452152813686,47.009725820533895],[-122.77454152912665,47.009739584873941],[-122.77454974691489,47.009738721195582],[-122.77456155167603,47.009738002688636],[-122.77456433106353,47.009737919996027],[-122.77456655349556,47.009737877730927],[-122.77456936342574,47.009737856292112],[-122.7746081454932,47.009741042101524],[-122.77461893605638,47.009743138205963],[-122.7746257318115,47.009744865562624],[-122.7746276712742,47.009745358043006],[-122.77463189515268,47.009746431209209],[-122.77465642434858,47.009755144464009],[-122.77467925991203,47.009767640035328],[-122.77469982305951,47.00978360121406],[-122.77470012040189,47.009783886043905],[-122.77470783064196,47.009792074442643],[-122.77470812439104,47.00979242052621],[-122.77471166195666,47.009796840594838],[-122.77471720366363,47.009804959774911],[-122.7747182546925,47.00980672143158],[-122.77501845369416,47.009909362335883],[-122.77502075787287,47.009915988749],[-122.77507671662684,47.01007687410749],[-122.77548838397884,47.010079604171416],[-122.77562115946944,47.010080503983836],[-122.77588903259557,47.010082284007431],[-122.77625245502691,47.010084688815596],[-122.77627490931577,47.010084837048801],[-122.77627515455582,47.010102917208954],[-122.77628364543187,47.010501149606021],[-122.77628195749746,47.010636931827868],[-122.77588210838137,47.010636312562504],[-122.7756307507817,47.010635934020442],[-122.77559693729609,47.010712697759494],[-122.77547558927425,47.010986625735939],[-122.77540768023205,47.011140104318905],[-122.77543777379407,47.011260101492411],[-122.77548564142229,47.011451061743408],[-122.77550649132003,47.011534187140796],[-122.77553456007939,47.011646029616514],[-122.77557520884601,47.011808244431961],[-122.77558479297178,47.011846508176433],[-122.775637091091,47.012055112171886],[-122.77564411681482,47.01208301144208],[-122.7756893892102,47.012263717802576],[-122.77564559813672,47.012356529972621],[-122.77560224633945,47.012448402395975],[-122.77551624163414,47.012630623469271],[-122.77547594231216,47.012716044532269],[-122.77538695609844,47.012904522621227],[-122.7752572851855,47.013177880757318],[-122.77441207830097,47.013177402396032],[-122.7744361711169,47.013272878566696],[-122.77521165076905,47.013274083348982],[-122.77541012544626,47.013274389597626],[-122.7754087186845,47.013560193558398],[-122.77540811142339,47.013685398219252],[-122.77540786079341,47.013732662415435],[-122.77540766316405,47.013777349205419],[-122.77540760387525,47.013787356091491],[-122.77547872619122,47.014095167677063],[-122.77628514921169,47.014096431239594],[-122.7762791960763,47.014125281861574],[-122.77621584418752,47.01443428706817],[-122.7762018547236,47.014502447921259],[-122.77617650875786,47.014625524448576],[-122.77612584018257,47.014868307405166],[-122.77605210915901,47.015224491566379],[-122.774785586118,47.015221753803267],[-122.77417619058883,47.01521991637825],[-122.77385586483325,47.015219006852881],[-122.77386511748064,47.015223725360194],[-122.77388549216963,47.015233754636817],[-122.77412608885049,47.015352019724538],[-122.77417573604129,47.015375426006429],[-122.77419103524889,47.015381871674258],[-122.77420471928562,47.015389389169215],[-122.77421904382116,47.015398564014923],[-122.77422750145955,47.015404767140701],[-122.77423542639698,47.015411289976548],[-122.77424522072852,47.015420379684791],[-122.77425407452395,47.015429918946431],[-122.77426101041627,47.015438599519882],[-122.77426634012085,47.015446252975707],[-122.77427175067382,47.01545542719915],[-122.77427696449571,47.015466144238545],[-122.77428061974062,47.01547570554095],[-122.77428339283989,47.015485415059864],[-122.77428534487899,47.015495221960037],[-122.7742851867755,47.01550299055247],[-122.77440041277869,47.015504589716187],[-122.77494979006711,47.015506119058116],[-122.77507997840964,47.015822874408542],[-122.77509359776768,47.015820793854395],[-122.7751126303736,47.01581902320904],[-122.77513355842478,47.015818494036559],[-122.77514925199277,47.015819036683347],[-122.77516312826897,47.015820252432583],[-122.77518188149884,47.015823047737022],[-122.77519691839841,47.01582616397458],[-122.77521465832861,47.015831144564601],[-122.77522866575885,47.015835993473509],[-122.77524059628414,47.015840972837658],[-122.77525198692194,47.015846496685242],[-122.77526277838345,47.015852553991607],[-122.77527292934617,47.015859103108909],[-122.77528252694665,47.015866334514271],[-122.7752884360646,47.015874489519675],[-122.77531929858451,47.015917043132255],[-122.77532501546297,47.015924885771753],[-122.77532569997921,47.015934623994958],[-122.77532318200147,47.015982091376657],[-122.7753226951146,47.015991099529778],[-122.77571763583599,47.016071813934609],[-122.77567375313437,47.016234855606811],[-122.77560811233825,47.016477197624589],[-122.77559660941102,47.016519639901588],[-122.7755093578441,47.016841852963886],[-122.77539673426031,47.016927599854142],[-122.77494763590707,47.017269514248071],[-122.7750509529445,47.017345681112197],[-122.77458815348653,47.01773323111312],[-122.77461079642158,47.017745925283627],[-122.77472355295606,47.017808754860624],[-122.77484105888341,47.017874252784729],[-122.77486343052728,47.017887359096804],[-122.77488774432875,47.017901591078228],[-122.77490682903695,47.017914665536466],[-122.7749160125141,47.017920122413138],[-122.7749250810069,47.017927580756108],[-122.77494569195278,47.017939585268692],[-122.77496612413393,47.017956193517492],[-122.77499116467244,47.017974338994094],[-122.77501573988368,47.01799276680088],[-122.77503984886928,47.018011451214882],[-122.77506345120506,47.018030446743339],[-122.77508356987417,47.018047198887857],[-122.77510925899635,47.018069259677503],[-122.77513138270515,47.018089078920006],[-122.77515303749338,47.018109125983514],[-122.77517414520761,47.018129457824827],[-122.77519492144353,47.018146511871926],[-122.77520692563067,47.018161358062869],[-122.77521881034187,47.018173605661985],[-122.77523629335391,47.018193585937702],[-122.77525337212411,47.018213108712779],[-122.77527581024329,47.018239096401722],[-122.77528557133716,47.018249455217294],[-122.77529631608627,47.018259393284474],[-122.77530743004296,47.018269306852233],[-122.7753176654473,47.018277234275438],[-122.77532836348404,47.018284796683282],[-122.77534108093352,47.018293421060648],[-122.77535708082704,47.018301972556252],[-122.77537148980419,47.018309708281052],[-122.77524451743037,47.018454504722435],[-122.77506462440483,47.018653555858343],[-122.77531062535043,47.018702370017579],[-122.77533172587813,47.018706548661875],[-122.77535132711763,47.018708127519318],[-122.77539300176032,47.018711811928185],[-122.77543471592882,47.018715495724315],[-122.77547643009737,47.018719179520183],[-122.77551814516421,47.018722863315844],[-122.77555981980686,47.018726547723652],[-122.77558321193688,47.018728598767716],[-122.77560125729431,47.018731058305697],[-122.77564209470714,47.018737880215788],[-122.77568297344244,47.018744729072118],[-122.77572385307606,47.018751577927581],[-122.77576473091308,47.018758427394609],[-122.77580557102083,47.018765276860755],[-122.77584616678685,47.018772077331271],[-122.77588617954625,47.018781489220274],[-122.77592602791391,47.01879085027555],[-122.77597557629005,47.01880250918132],[-122.7759894157353,47.018805764879914],[-122.77600106149465,47.018808516545256],[-122.776012707254,47.018811240038524],[-122.77602431438577,47.018813992316026],[-122.77603596014512,47.018816716421419],[-122.77604760680278,47.018819441139115],[-122.77605921303623,47.018822193416199],[-122.77607516082749,47.018825939672993],[-122.77609285314701,47.018832362876701],[-122.77610337960552,47.018836670121857],[-122.77611398691239,47.018840975529386],[-122.77612455199844,47.018845255214323],[-122.77613511888113,47.018849561233594],[-122.77628247313044,47.018909478007032],[-122.77636663539108,47.018943689711008],[-122.7763996439862,47.018957103201522],[-122.7764971740766,47.018999343854631],[-122.77659747636798,47.019043254574136],[-122.77664535118274,47.019064227887412],[-122.776681289184,47.019079963685016],[-122.77669733758653,47.019086378896574],[-122.77676870334597,47.018953160975641],[-122.77688455996646,47.018750572310118],[-122.77691369233114,47.01870391151661],[-122.77692840673549,47.018684121899248],[-122.77694128139015,47.018682095350897],[-122.77701527292515,47.018237689626154],[-122.77773032021321,47.018306809604482],[-122.77820662224822,47.018352884640798],[-122.77813734686845,47.018761922557772],[-122.77815702626137,47.018763759248422],[-122.77817278720305,47.018767751707884],[-122.77818943927346,47.018775247290932],[-122.77820870094978,47.018782726949702],[-122.77822496315136,47.018793011555267],[-122.77852115836177,47.018825330301503],[-122.77863998391432,47.018836641337494],[-122.77881900018413,47.018412085418674],[-122.77905961932289,47.018435494033895],[-122.77919159710947,47.018447747082121],[-122.77962272197053,47.018397001058865],[-122.78011742060423,47.018337439537554],[-122.78023747325543,47.018322363118365],[-122.78096207502485,47.018232053336902],[-122.78096185673424,47.018351246978703],[-122.78096166539308,47.018388947491097],[-122.78096136176251,47.018409578708265],[-122.78096158544302,47.018427509677437],[-122.78096230679017,47.018445449827176],[-122.78096347998996,47.018463385683795],[-122.78096507000802,47.018481333783164],[-122.78096669595867,47.018499199197421],[-122.78096836323185,47.018510619928755],[-122.78096997840272,47.018520557334924],[-122.78097379175109,47.018530504538219],[-122.7809737261741,47.018538514601609],[-122.78097747125051,47.018548004311249],[-122.78097735716445,47.018556499421912],[-122.78097723858683,47.018566235327853],[-122.78098127831068,47.018583785308991],[-122.78098574922583,47.018601278940196],[-122.78099069265485,47.018618741943882],[-122.78099602954596,47.018636147372831],[-122.78100187847677,47.018653520949506],[-122.78100811817474,47.018670812454218],[-122.78101575924454,47.018687862653771],[-122.78102192887391,47.018705167008477],[-122.78102949987513,47.018722231283078],[-122.781037502966,47.01873923920828],[-122.78104593365494,47.018756135052541],[-122.7810547946369,47.018772946375506],[-122.78106408411524,47.018789647455051],[-122.78107376346242,47.018806237066443],[-122.78108391173019,47.018822742769252],[-122.78109444717187,47.018839109444528],[-122.78110537158403,47.01885536587681],[-122.78111672539092,47.018871511453732],[-122.78112850499922,47.018887518615955],[-122.78114067178144,47.018903387363558],[-122.78115436480131,47.018920580185679],[-122.78116620819,47.01893471267762],[-122.78117957601975,47.018950168019479],[-122.78119328970091,47.018965431665585],[-122.78120743098007,47.018980585069599],[-122.78122191811069,47.018995546165783],[-122.78123678882189,47.019010343126126],[-122.78125204670697,47.01902497472588],[-122.78126764954516,47.019039442190085],[-122.78128363686227,47.019053717346999],[-122.78129996913246,47.01906780142167],[-122.78131664545737,47.019081693801802],[-122.78133414733406,47.01909501416818],[-122.7813509934406,47.019108932263336],[-122.78136870013314,47.019122223226262],[-122.78138671404955,47.019135323720143],[-122.78140507112236,47.019148231907828],[-122.78142373182578,47.019160922679781],[-122.78144273299066,47.019173368476807],[-122.78146200005686,47.019185623192982],[-122.7814816093812,47.019197631709716],[-122.78150148101361,47.019209424036255],[-122.78152165537826,47.019220996498078],[-122.78154209025436,47.019232298876233],[-122.78156283145593,47.019243408949372],[-122.78158383227064,47.019254247714237],[-122.78160743999632,47.019265970211372],[-122.78162661992597,47.019275190935588],[-122.78164836544403,47.019285268445557],[-122.78167041549101,47.019295128541557],[-122.78169264430269,47.019304690383194],[-122.7817151363208,47.019314034811224],[-122.78173784752779,47.019323079760312],[-122.78176078151699,47.019331880961609],[-122.78178389606759,47.019340384521591],[-122.78180723250202,47.019348643721557],[-122.78183078722711,47.01935660405556],[-122.7818544856826,47.01936432064231],[-122.78187840512368,47.019371738975785],[-122.7819024638036,47.019378886002904],[-122.78192670304492,47.019385735389456],[-122.78195112194929,47.01939228713556],[-122.78197568368579,47.019398567575635],[-122.7820003864578,47.019404577934651],[-122.78202518804449,47.019410263706739],[-122.78204568759925,47.01941485017192],[-122.78207525385019,47.019420794387024],[-122.7821004381192,47.019425614798365],[-122.78212575983042,47.01943011001066],[-122.78215114532203,47.019434334529997],[-122.78217667095083,47.019438262022092],[-122.78220225497013,47.019441864927799],[-122.78222790187149,47.01944519714074],[-122.78225360806167,47.019448206604672],[-122.78227941486315,47.0194509184292],[-122.78230604721635,47.019450953337511],[-122.78233112997573,47.019455395879007],[-122.78236139062439,47.019456846104774],[-122.78238296815751,47.019458660111773],[-122.78240891779113,47.019459833520742],[-122.78243692366843,47.019460316112728],[-122.78246353536039,47.019461295994887],[-122.78260118780466,47.019463702218033],[-122.78284381288142,47.019467934083828],[-122.78308148734267,47.019472095520271],[-122.78331717922207,47.019476218373512],[-122.78355231145105,47.019477802107637],[-122.78379094710967,47.019479183741048],[-122.78403459536754,47.019480577622957],[-122.78403478401374,47.019461379897308],[-122.7842804409046,47.019462844821156],[-122.78476959333975,47.019465785692383],[-122.7847696148993,47.019483380084935],[-122.78498096333283,47.019484789889816],[-122.78526674078091,47.019486309318914],[-122.78552746870729,47.019487670742059],[-122.78582421368668,47.019489237940292],[-122.78616134422627,47.019491007239111],[-122.78912329363558,47.019506502840002],[-122.7891391866296,47.019507795058537],[-122.78917459462484,47.019510179232249],[-122.78920729958938,47.019513163583056],[-122.78923990214598,47.019516547235312],[-122.78927242026096,47.019520316103119],[-122.7893048539343,47.019524471411195],[-122.78933716723338,47.019529025408062],[-122.78936935297169,47.019533938898284],[-122.78940139497956,47.019539252914342],[-122.78943333457948,47.019544952757833],[-122.78946509271972,47.019551015156544],[-122.78949672509582,47.019557459707912],[-122.78952814996107,47.019564293148505],[-122.78956129150686,47.019572010930062],[-122.78959228787575,47.019579579891229],[-122.78962313871756,47.019587507732318],[-122.7896537640822,47.019595796902891],[-122.78968416486806,47.019604446790311],[-122.78971434107508,47.019613483728691],[-122.78974429090665,47.019622855049356],[-122.7897740152611,47.019632588311161],[-122.78980140579243,47.019642118858748],[-122.78983226651569,47.019653117385396],[-122.78986155518722,47.019663899111656],[-122.789890217733,47.019675050739778],[-122.78991853263075,47.01968650980232],[-122.78994662025474,47.019698303245669],[-122.78997436292566,47.019710459241196],[-122.79000179747445,47.019722923282863],[-122.79002888617183,47.019735722317144],[-122.79005205192637,47.019747268330704],[-122.79008214099683,47.019762271469226],[-122.79010822627602,47.019775994640007],[-122.79013396390724,47.019790053414859],[-122.79015935478873,47.019804422071715],[-122.79018435759804,47.019819071214094],[-122.79020901096271,47.019834029013218],[-122.79023323583095,47.019849269747063],[-122.79025711305123,47.019864818524717],[-122.79028056087678,47.019880622677604],[-122.79030361973179,47.019896735486164],[-122.79032624919212,47.0199131030571],[-122.79034844746111,47.019929726614983],[-122.79037025675957,47.01994663188124],[-122.79039159623913,47.019963764962633],[-122.79041250542571,47.019981180976743],[-122.79043298342091,47.0199988254179],[-122.79045237714959,47.020016434945283],[-122.79047252725971,47.020034852860974],[-122.79049163083253,47.02005320891594],[-122.79051022506063,47.020071794009489],[-122.79052838719905,47.020090607528836],[-122.79054893885611,47.020114442876526],[-122.79069581160842,47.020273994288885],[-122.79074922633355,47.020332593381092],[-122.79092870074416,47.020529592664872],[-122.79110333323537,47.020721201997262],[-122.7912588747302,47.020890946385997],[-122.79128802146791,47.020922898253801],[-122.79140404068349,47.02105055426901],[-122.79149234327927,47.021146860260096],[-122.79150409773477,47.021162095719951],[-122.79151097523658,47.021171559854615],[-122.79152230389063,47.021188051353278],[-122.79153293275706,47.021203678741429],[-122.79154400808621,47.021220846326592],[-122.79155476181847,47.021238114340768],[-122.7915650825628,47.021255516466269],[-122.79157496043763,47.021273012284141],[-122.79158435771383,47.021290627515341],[-122.79159331212058,47.021308361547341],[-122.79160182635285,47.021326188658989],[-122.79160989771567,47.021344134571194],[-122.79161744715731,47.021362174787683],[-122.79162455283122,47.021380279300558],[-122.79163121473736,47.02139847566788],[-122.79163625608274,47.02141004520567],[-122.79163915853944,47.021419563800286],[-122.79164309136372,47.021435092523696],[-122.79164759551657,47.021450266048546],[-122.7916492026026,47.021459770550749],[-122.79123888092691,47.021458030100121],[-122.79078523799664,47.021456015905137],[-122.78885361399742,47.021447640062057],[-122.78791110968614,47.021443206259981],[-122.78614849831771,47.02143476978695],[-122.78484235687776,47.021413963366349],[-122.78472349808757,47.021411600711836],[-122.78261409929023,47.021377863365338],[-122.7816414106871,47.021363161371411],[-122.78211642363966,47.021552324839234],[-122.78241215442108,47.021668160622973],[-122.78244039026711,47.021679212623546],[-122.78250522168115,47.021787855498317],[-122.78252309366371,47.021817793260396],[-122.78283649790005,47.021956725666222],[-122.78286896930263,47.021972878266482],[-122.78288990993022,47.021982072190134],[-122.78291107333997,47.021991021765679],[-122.78293242000609,47.021999726993201],[-122.7829539894544,47.022008187872849],[-122.78297577988825,47.02201637807169],[-122.78312416630179,47.022068048435621],[-122.78336594875884,47.022152212464398],[-122.78338484032928,47.022157323516971],[-122.78340168913074,47.022162356794787],[-122.78341418200139,47.02216637104636],[-122.78342651227699,47.022170643728437],[-122.78344270800325,47.022176652550627],[-122.78345861177705,47.022183041057133],[-122.78347419754722,47.02218978169001],[-122.78348943297443,47.022196890371411],[-122.78350433153342,47.022204338318673],[-122.78351885639324,47.02221213900431],[-122.78353296623143,47.022220267932354],[-122.78357953938732,47.02224902720517],[-122.78384724452852,47.022414776387166],[-122.78402895035428,47.022527263581921],[-122.7840403580601,47.022533930071994],[-122.784049968237,47.022539976209153],[-122.78405929364796,47.022546240969206],[-122.7840670604819,47.022551909259768],[-122.78407797680924,47.02256025186049],[-122.78408930187001,47.022569749428769],[-122.78409710014502,47.022576902151755],[-122.78410453100904,47.022584219606813],[-122.78411161692,47.022591701793893],[-122.78411906844528,47.022600319351668],[-122.78412758267751,47.022611087010183],[-122.78413327440317,47.022619078089697],[-122.78413918441944,47.022628207601116],[-122.78414627212702,47.022640590126194],[-122.78415331671549,47.022655319325843],[-122.78415716869142,47.022664909348052],[-122.78416012774197,47.022673515258639],[-122.78416263583824,47.022682178732374],[-122.78416491576242,47.022691976962136],[-122.78418060573718,47.02279919213656],[-122.7841806407715,47.022811488275273],[-122.78418319468184,47.022823164674698],[-122.78418684453683,47.022831556836415],[-122.7841913567745,47.022838708299538],[-122.78419690027813,47.022845554180293],[-122.78420344630162,47.02285197506329],[-122.78430639323317,47.022939027095674],[-122.78436428785658,47.022972784276746],[-122.78476257120917,47.02319055750921],[-122.78477533806598,47.023212335089774],[-122.78481259748902,47.023286470164798],[-122.78492201049399,47.023385417610072],[-122.78497611332861,47.023434382987894],[-122.78498945510722,47.023446454236627],[-122.78497408044113,47.023469420955536],[-122.78496677264629,47.023480318263388],[-122.78495946395314,47.023491209445197],[-122.78494807780692,47.023508205440756],[-122.78482346979892,47.023694083250007],[-122.78463265954773,47.023988154224533],[-122.78488067271958,47.02399150330023],[-122.78906615898688,47.024047848451097],[-122.78906842992791,47.02412535898987],[-122.78907325477931,47.024289812693162],[-122.78907567394239,47.024370692140728],[-122.78907660819026,47.024402652336313],[-122.78907788200135,47.024446206499654],[-122.78944180748924,47.024451096267349],[-122.7896804063169,47.024454300794872],[-122.78979004390071,47.024455773542535],[-122.78991653298091,47.024457468580088],[-122.79015800551919,47.024460704950421],[-122.7903445326031,47.024463204640696],[-122.79039683790884,47.024463669428727],[-122.79063572779066,47.024465797410912],[-122.79087187691255,47.024467899673496],[-122.79090175577718,47.02446816544159],[-122.79138754222497,47.024469106040257],[-122.79170555122546,47.02446971534733],[-122.79170671544206,47.024608766387189],[-122.7917084402074,47.024814180321549],[-122.79170861987045,47.024830897269943],[-122.79171025570258,47.025046204900498],[-122.79171006436144,47.025087310928605],[-122.79170735144926,47.025223559424035],[-122.79170460440115,47.025358976600927],[-122.79170052604975,47.025563121907901],[-122.79169640907079,47.025767268883577],[-122.79169369166708,47.025903393173017],[-122.79169094372061,47.026038782906618],[-122.79168767385298,47.026202127262387],[-122.79168440308702,47.026365416619463],[-122.79168138834092,47.026515123044369],[-122.79167592299073,47.026786638162271],[-122.79167129217544,47.027018002638449],[-122.79166636671276,47.02726297836216],[-122.79166364751239,47.027399074956335],[-122.79166090136255,47.02753449212539],[-122.79164986106773,47.028084266419121],[-122.79163747868985,47.02870084598036],[-122.79162827005987,47.029159475643567],[-122.79161870030713,47.029620459983462],[-122.79160784776019,47.030160494309591],[-122.79160224047618,47.030448336244447],[-122.79159786118917,47.030671533941785],[-122.79158955446775,47.031077079253784],[-122.79157843601946,47.031616028564102],[-122.79157642109831,47.031715408150902],[-122.79156691243101,47.032193786731291],[-122.79156423006158,47.032315818954089],[-122.79155940341354,47.03253722344386],[-122.79138979519971,47.032535986645598],[-122.79053907535427,47.032529778162747],[-122.79015809355407,47.03252612409679],[-122.78977610653909,47.032522452886873],[-122.78967694959969,47.032521500184558],[-122.78967848482051,47.032717158917592],[-122.78937060252825,47.032714239593645],[-122.78912388023546,47.032711910502073],[-122.78852496175746,47.032706240228947],[-122.78820554689355,47.032703217430011],[-122.78786726651039,47.032699998090834],[-122.7878034564808,47.032699413980978],[-122.78747454642436,47.032696293830035],[-122.78742147844896,47.032695960140373],[-122.78705958944181,47.032692350169583],[-122.7870630102264,47.032496738490892],[-122.78664243338342,47.032492839511931],[-122.78627995508145,47.032489599954907],[-122.78610387630259,47.032487840883334],[-122.78587786826193,47.03248581730805],[-122.78546875212537,47.032482127114719],[-122.78425452810191,47.032470651205834],[-122.78418469037678,47.032472953980026],[-122.78417254964573,47.032510780445797],[-122.78330989658005,47.033091571296403],[-122.78317861049624,47.033113050336027],[-122.78301652477457,47.033122521536015],[-122.78288139659628,47.033079075476486],[-122.78286934479843,47.033075098169483],[-122.78271761216041,47.032987489580563],[-122.78257628830161,47.032950297153825],[-122.78238274537533,47.032868829454124],[-122.7823186631562,47.03287009747055],[-122.78220370035942,47.032859843741299],[-122.78214028109697,47.0328767589954],[-122.78200912706549,47.032916939973134],[-122.78193303526938,47.032959164070725],[-122.78185043697563,47.033064160573687],[-122.78180186776314,47.033215467048755],[-122.78182136928964,47.033243270770015],[-122.78179801039731,47.033340830730076],[-122.78179415392981,47.033466194729201],[-122.78181371384682,47.033603623712082],[-122.78188680347327,47.033815166671268],[-122.78202735028937,47.034213306112022],[-122.78205368170698,47.034294221340971],[-122.7820867684555,47.034534745036311],[-122.78215548957473,47.034643012152017],[-122.782250255549,47.034745095925288],[-122.78237879099144,47.034855448549216],[-122.78245005074969,47.035087705604312],[-122.78265727232277,47.035126057361119],[-122.78279014572972,47.035150648854788],[-122.78316070797094,47.035206456919688],[-122.78333415648262,47.035227464903542],[-122.78333079678346,47.03524543491806],[-122.78332365427862,47.03528365064318],[-122.78331279724011,47.035341731831679],[-122.78331067811436,47.035353070592819],[-122.78330248637729,47.035396895004318],[-122.78329658983574,47.035428443905239],[-122.7832830863604,47.035500686716105],[-122.78255241287799,47.035497597953288],[-122.78263451170842,47.035534195954533],[-122.78265728220424,47.035544346925548],[-122.78267491972653,47.035551954642386],[-122.78270787352442,47.035566172118955],[-122.78278203753594,47.035598166019199],[-122.78288642446691,47.035643198180388],[-122.78314412147753,47.035856575891842],[-122.78317737261777,47.035884108852386],[-122.78318141503657,47.035889990009913],[-122.78319713285906,47.035890245313098],[-122.78336433628292,47.035892961812571],[-122.7833641709929,47.035957708376067],[-122.78336383412467,47.036089456743369],[-122.78342938508929,47.036092031806305],[-122.78344082064284,47.036092495268626],[-122.78345226338291,47.036093099545141],[-122.78346371151291,47.036093843411308],[-122.78347512460859,47.03609472686724],[-122.78348650536491,47.036095750525064],[-122.78349785108695,47.036096913772553],[-122.78350920309722,47.036098217834187],[-122.78352047964896,47.036099633322678],[-122.78353176428557,47.036101217175855],[-122.78353877024647,47.036102278179904],[-122.78354297256536,47.036102913680303],[-122.7835541880317,47.036104749774417],[-122.78356532893784,47.036106727294815],[-122.78357639528383,47.036108844404836],[-122.78358742569719,47.036111073553791],[-122.78359842287291,47.036113443516832],[-122.78360934638677,47.036115953681609],[-122.78362019534045,47.036118605272648],[-122.78363100836152,47.036121368290374],[-122.78364174772074,47.036124272122024],[-122.78365237299393,47.036127317379858],[-122.7836629623345,47.036130474676582],[-122.78367347801321,47.036133744624323],[-122.78368387780925,47.036137156610422],[-122.78369420394344,47.036140708185883],[-122.78370445372084,47.036144373636823],[-122.78371458851389,47.03614815112649],[-122.78372464874676,47.036152041267101],[-122.78373463352112,47.036156073445937],[-122.78374450331114,47.036160217663422],[-122.7837542581168,47.036164504531278],[-122.78376389703982,47.036168875274939],[-122.78377342008015,47.036173359893908],[-122.78378286856031,47.036177984714229],[-122.78379215983529,47.036182695859161],[-122.78380137834674,47.036187547205422],[-122.78381167483653,47.036193166905456],[-122.78386984164948,47.036213355331533],[-122.78387988122108,47.036216799760908],[-122.78389003667539,47.036220129702357],[-122.78390026848646,47.036223348216936],[-122.7839105721628,47.03622642530528],[-122.78392091267001,47.036229390966888],[-122.78393136995824,47.03623224275281],[-122.78394185689085,47.03623492617421],[-122.7839524624011,47.03623752449495],[-122.78396306162314,47.036239983838534],[-122.78397377582952,47.036242301143709],[-122.7839845232736,47.036244478859487],[-122.78399530665027,47.036246543924122],[-122.78400616548541,47.036248495725467],[-122.78401013244573,47.03624914224433],[-122.78401705576161,47.036250280386923],[-122.78402798197043,47.036251952397272],[-122.78403894411184,47.03625351236883],[-122.78404993769429,47.036254904588326],[-122.78406100853185,47.036256184156763],[-122.78407207128457,47.036257322911396],[-122.78408312864738,47.036258323301233],[-122.7840942605704,47.036259182877295],[-122.78410538800181,47.036259929802362],[-122.78411650645009,47.036260510812085],[-122.78412766083098,47.036260978558609],[-122.78413884934784,47.036261305491337],[-122.78414999205062,47.036261494671535],[-122.78416116978771,47.036261571200761],[-122.78417233943995,47.036261479365713],[-122.78418350460062,47.03626127732862],[-122.78420052138702,47.036260690196563],[-122.78427493063865,47.036261806298441],[-122.78428666622951,47.036262032824887],[-122.78429468459176,47.036262188332252],[-122.78429903153942,47.03626233771724],[-122.7843070427151,47.036262613222377],[-122.78431144715493,47.036262822606261],[-122.78431944755086,47.036263203415587],[-122.78432379000698,47.036263461165923],[-122.78433178052143,47.036263935646971],[-122.78433614004548,47.036264243600485],[-122.78434411798351,47.036264806855399],[-122.78434850266042,47.036265175420006],[-122.78435646353047,47.036265845815777],[-122.78436373179944,47.03626664600506],[-122.78437165134699,47.036267517825685],[-122.78438101358887,47.036268371891495],[-122.78438535604494,47.036268889841089],[-122.78439325672787,47.036269830844056],[-122.78439755516651,47.036270406343561],[-122.78440542710337,47.036271459385212],[-122.78440975788132,47.036272088149055],[-122.78441760376701,47.036273226903347],[-122.78442189771407,47.036273913829326],[-122.78442970856547,47.03627516278565],[-122.78443399083443,47.036275890119015],[-122.784441776533,47.036277210706594],[-122.78444602825923,47.036277996814327],[-122.7844537708387,47.036279428216112],[-122.78445802525988,47.036280266363661],[-122.784465732805,47.036281784702538],[-122.78446995309018,47.03628267121649],[-122.78447761931284,47.036284282614751],[-122.78448184678457,47.036285223005201],[-122.784489472583,47.03628692072828],[-122.78449367939348,47.036287922342012],[-122.78450125308964,47.036289727205819],[-122.78450542306919,47.03629076677796],[-122.78451295813782,47.036292645721922],[-122.78451710386284,47.036293736721603],[-122.78452458862579,47.036295705663726],[-122.78452872177441,47.036296860335639],[-122.78453614724856,47.036298934581751],[-122.78454021212522,47.036300121701949],[-122.784547588192,47.036302276150479],[-122.78458738535572,47.036315210798989],[-122.78459261534729,47.03631704933472],[-122.78459656613792,47.036318488694477],[-122.78460364576068,47.036321066807474],[-122.78460755433046,47.036322556370209],[-122.78461456029139,47.036325225093506],[-122.78461843023362,47.036326766083697],[-122.78462536163434,47.03632952541723],[-122.7846292145086,47.036331110488078],[-122.78463608751885,47.03633393777919],[-122.7846399053588,47.036335576726387],[-122.78464186548277,47.036336417934237],[-122.78464669931731,47.036338491566617],[-122.78465043900383,47.03634016173752],[-122.78465715480891,47.03634315984111],[-122.78466089629204,47.036344892459603],[-122.78466753574031,47.036347968316498],[-122.7846712026633,47.036349733383176],[-122.78467153414164,47.036349893175853],[-122.78467776126318,47.036352890054452],[-122.78468142010134,47.036354704711812],[-122.78468791222591,47.036357925055],[-122.78469151357187,47.036359790527449],[-122.78469555958389,47.036361886199302],[-122.78470778745155,47.036368391781259],[-122.78471128818622,47.036370336231329],[-122.78471751261284,47.036373795956415],[-122.78472097831319,47.036375786323717],[-122.78472712099311,47.036379312781797],[-122.78473034055509,47.036381226007641],[-122.78473657396485,47.036384943481764],[-122.78505903411755,47.036542040200565],[-122.7850642910586,47.036544569324384],[-122.78506962705139,47.036547069673205],[-122.78507503940098,47.036549484921913],[-122.78508048768316,47.036551815682735],[-122.78508671121145,47.036554388274382],[-122.78509158008029,47.036556335166594],[-122.78509718017776,47.036558468788996],[-122.78510285932698,47.036560544861636],[-122.78510857440885,47.036562563384571],[-122.78511430206709,47.036564439870048],[-122.78512010787875,47.036566258805813],[-122.7851259514197,47.036567994478233],[-122.78513183179153,47.036569673825383],[-122.78513774899432,47.036571269296992],[-122.78514370392634,47.036572809055642],[-122.78514969568928,47.036574265550904],[-122.78515572607979,47.036575665108792],[-122.78516179060627,47.036576953852993],[-122.78516789376032,47.03657821443457],[-122.78517403464359,47.036579363590285],[-122.78518021235779,47.036580455808533],[-122.78518638827536,47.036581493538343],[-122.78519259832892,47.036582419842254],[-122.78519884701005,47.036583290433235],[-122.78520509209791,47.036584077760949],[-122.78521431510092,47.036585109980599],[-122.78522014247218,47.036585491399869],[-122.78522600667435,47.036585733230666],[-122.7852318232658,47.036585837309744],[-122.78523771621408,47.036585802412631],[-122.78524356155162,47.036585630376038],[-122.78524940149929,47.036585319975465],[-122.78525519742951,47.036584872435384],[-122.78526098527487,47.036584258981023],[-122.78526677042531,47.036583535325207],[-122.78527246664254,47.036582646367336],[-122.78527815926648,47.036581648432545],[-122.78528376655049,47.036580485807811],[-122.78529123244883,47.036578732381159],[-122.78542123214515,47.036546410913317],[-122.78544808548395,47.0365412559334],[-122.78550975123493,47.036529433762666],[-122.78552364008755,47.03652688872014],[-122.78553709954544,47.036524628977013],[-122.78555060481744,47.036522506373402],[-122.78556415770011,47.036520548459805],[-122.7855777563969,47.036518755848384],[-122.78559136228019,47.036517129151456],[-122.78560505350343,47.036515665920064],[-122.78561879233739,47.036514367990947],[-122.78563253835786,47.036513235976308],[-122.78564629156486,47.036512269876155],[-122.78566008968762,47.036511467853877],[-122.7856738949969,47.036510832970542],[-122.7856877065944,47.036510362777335],[-122.78570156670092,47.036510057274157],[-122.78571539177317,47.036509919522231],[-122.78572922493021,47.036509974010777],[-122.78574306437548,47.03651016747569],[-122.78575691010893,47.036510525630696],[-122.78577072260475,47.036511050924737],[-122.78578454049048,47.036511742745489],[-122.7857983260368,47.036512599868551],[-122.78580976967521,47.036513062714995],[-122.7858257965182,47.03651484308196],[-122.78583948235155,47.0365162003975],[-122.78585317357481,47.036517723627441],[-122.78586679203451,47.03651941399638],[-122.78588033683235,47.036521272116417],[-122.78589388791842,47.036523267376097],[-122.78590736534265,47.036525457937245],[-122.78592076820667,47.036527788699097],[-122.78593409920549,47.036530286599792],[-122.78597376701178,47.036538755584303],[-122.78597911288605,47.036537794382497],[-122.78597911019111,47.03654003086033],[-122.78598684288907,47.036541894489723],[-122.78599980288368,47.036545173595769],[-122.78601273053893,47.036548647390788],[-122.78602554320983,47.036552233223794],[-122.7860382417947,47.036555988644288],[-122.786050867616,47.036559909978926],[-122.78605846377006,47.03656238461339],[-122.78606337755464,47.036563972738428],[-122.78616742582075,47.036605269483609],[-122.78634346058215,47.036675177497038],[-122.78635050427228,47.036677856610588],[-122.78635762342093,47.036680451236407],[-122.78636477940046,47.036682934436449],[-122.78637201263513,47.036685361311378],[-122.78637932132828,47.036687674923819],[-122.78638666775066,47.036689933435618],[-122.78639409142818,47.036692079909436],[-122.78640155013997,47.036694142507891],[-122.78640904478439,47.036696093068379],[-122.78641661848056,47.036697987916021],[-122.78642422721101,47.036699770725726],[-122.78643187187409,47.036701469660095],[-122.78643955336808,47.036703057780997],[-122.78644731211719,47.036704589576864],[-122.78645506637474,47.036706009947082],[-122.78646301736332,47.036707343380805],[-122.78647507634766,47.036708125196625],[-122.78648632415334,47.036708701915877],[-122.78649756836576,47.036709167821769],[-122.78650880539166,47.036709468425933],[-122.78652007924846,47.03670965760454],[-122.78652424922802,47.0367096845426],[-122.78653130549458,47.03670970903174],[-122.78654256767329,47.03670962209528],[-122.78655382446212,47.036709396795217],[-122.78656507586103,47.036709033743726],[-122.78657631917514,47.036708531716343],[-122.78661732367459,47.036706328305925],[-122.78663529716682,47.036707628067056],[-122.78664682884009,47.036708254376833],[-122.78665835422521,47.03670876987325],[-122.78666991554292,47.036709146393761],[-122.78668151099659,47.036709384550619],[-122.78669305973789,47.036709456793616],[-122.78670464441178,47.036709418835457],[-122.78676078193052,47.036709677808105],[-122.78678570299314,47.036709316593296],[-122.78680829023266,47.036708726405017],[-122.78683086579406,47.036707859489418],[-122.78685339015149,47.036706689520763],[-122.78687590462746,47.036705270987227],[-122.78688485813591,47.036704622024978],[-122.7868983714927,47.036703416546942],[-122.78692077817082,47.036701417008416],[-122.78720971409544,47.036675634832001],[-122.7872463797321,47.036672362468515],[-122.7872462737309,47.036675360553474],[-122.78735777981046,47.036663275766166],[-122.78736232887907,47.036663384742909],[-122.78737034544467,47.036663576982832],[-122.78737836111195,47.036663768610524],[-122.78738637767752,47.036663960850404],[-122.78739439334484,47.036664152478089],[-122.78740240991043,47.036664344718019],[-122.78740943024437,47.036664414512117],[-122.78741745040321,47.03666449471411],[-122.78742547146038,47.036664574303899],[-122.78743077241889,47.036663821874434],[-122.78743862549111,47.036662707617594],[-122.78744708223118,47.036661625808911],[-122.78745558119211,47.036660653589195],[-122.7874640864412,47.036659791570678],[-122.78747259438526,47.036659040977824],[-122.7874811481434,47.036658372423666],[-122.78748197369515,47.036658318547509],[-122.78765585788973,47.036655825550625],[-122.78769705912025,47.036656696752658],[-122.78773694970874,47.036654681294429],[-122.78774341578219,47.03665435436406],[-122.78774983244823,47.036654031107084],[-122.78776071913117,47.036653480100888],[-122.78776508135017,47.036653260310608],[-122.78777064012516,47.036652979297457],[-122.78777628962999,47.036652694610879],[-122.78782464863666,47.036650251204321],[-122.78790835545148,47.036646021312805],[-122.78795859014048,47.036643483622605],[-122.78796978853882,47.036642918535009],[-122.78800888771157,47.036642051006154],[-122.78831294587567,47.036635307300365],[-122.78843345936261,47.036632634306983],[-122.78843758891796,47.037284339313103],[-122.78874223188534,47.03728318466257],[-122.78896847528459,47.037282320205236],[-122.78911902663798,47.037281744104419],[-122.78911444702666,47.037432539661957],[-122.78911562202308,47.037630700890702],[-122.78874692827763,47.037624619117501],[-122.78843966851784,47.037619549952275],[-122.78843977811232,47.037637550384375],[-122.78844067822421,47.037785386708052],[-122.78843952658404,47.038131001807749],[-122.78862020653375,47.038470984801684],[-122.78869469843039,47.038611146030547],[-122.78880170125545,47.03880481726037],[-122.78883169779942,47.038827179859915],[-122.78907024452479,47.039005017535821],[-122.78934993498851,47.039211744334587],[-122.7894451141878,47.039306520123155],[-122.78977176677792,47.039631387269466],[-122.7901026351617,47.039636644799607],[-122.79010371134342,47.039636661941032],[-122.79092487481935,47.04088404162237],[-122.79109840777269,47.040866939130339],[-122.79109879584489,47.040992973538394],[-122.79109918391708,47.041119006424353],[-122.79110125722876,47.041791414718041],[-122.79116944564701,47.041792227067837],[-122.79117099524089,47.042294390959171],[-122.79117156207785,47.042477820200389],[-122.79117177048697,47.042545828940725],[-122.79117334792861,47.043231966388021],[-122.79117507988047,47.043848910249714],[-122.79117649113378,47.044342706405153],[-122.7911783955622,47.045016875576685],[-122.79141864010347,47.045021000741968],[-122.79141941265463,47.045318897556108],[-122.7914209164344,47.045917382594858],[-122.79142208154934,47.04638518318081],[-122.79142314245966,47.046811680444733],[-122.79168446866403,47.046813708985781],[-122.79194555501822,47.046815714878598],[-122.79220555530921,47.046817714038092],[-122.7924666416634,47.046819718706509],[-122.79272764716917,47.046821724599063],[-122.79298873262508,47.046823728043144],[-122.79324170539559,47.046825673948511],[-122.79350981927023,47.046827726973518],[-122.79395460032021,47.046831142560599],[-122.7947598258864,47.046837305307392],[-122.7947636167769,47.047712730704362],[-122.79476303556692,47.047745648940385],[-122.79528516156286,47.047750250721961],[-122.79572656225247,47.047754222038328],[-122.79623603637594,47.047758809740827],[-122.7962832302677,47.047759234539392],[-122.79643295696769,47.047760582999452],[-122.79672793945248,47.047763238908601],[-122.7967329358821,47.048818774512355],[-122.79677279952115,47.048818659439526],[-122.79677534444833,47.049366378836226],[-122.79678055827026,47.050484920497318],[-122.79674087339595,47.050486156267475],[-122.79674339406863,47.051158371824201],[-122.79674776527082,47.052172866497806],[-122.79675229547477,47.054103927889798],[-122.79144424119077,47.054069184834404],[-122.7913237860943,47.054068394092575],[-122.79132217810998,47.054341168121056],[-122.79132130494749,47.054489565899587],[-122.79131105337349,47.056229899450166],[-122.79131018919416,47.05637667689733],[-122.79130547393724,47.057176944122538],[-122.7913025382429,47.057675557474909],[-122.78978181623103,47.05765957296056],[-122.78918130953157,47.057653255407182],[-122.78915895944732,47.05765302040377],[-122.78914585751889,47.057652882706435],[-122.78892392243975,47.057650547359565],[-122.78864194486533,47.057647585336632],[-122.78852189041747,47.057646323416925],[-122.78851844358175,47.057866352928997],[-122.78851495901675,47.058086411520307],[-122.78851151128269,47.058306414125134],[-122.78850764313708,47.058553260848335],[-122.78850432296379,47.058722421042617],[-122.7884993220426,47.059061454604482],[-122.78849403815209,47.059419767286094],[-122.78832162629625,47.059447547560765],[-122.7879699053198,47.059504196755839],[-122.78764707955277,47.059556189439256],[-122.78761809002025,47.059558784176375],[-122.7872581584421,47.059589489575856],[-122.78689827177972,47.059620302663632],[-122.78653934451806,47.05965101353538],[-122.78599040560751,47.059698017951696],[-122.78480512889573,47.059895472887895],[-122.78391733198529,47.060043342998313],[-122.78361560764429,47.060093559859624],[-122.78289044442781,47.060214266414071],[-122.78242531743494,47.06029170361947],[-122.78183919096659,47.0603892337042],[-122.78126181408906,47.060486015800741],[-122.7806945953608,47.060580119196544],[-122.78016018131008,47.060712724689587],[-122.77992977152452,47.060769566529345],[-122.77981627208332,47.060797649628981],[-122.77955574807451,47.060841824594391],[-122.77926227835266,47.060891442215578],[-122.77896880952912,47.06094105917866],[-122.77867533980728,47.060990702409406],[-122.77838191050961,47.061040344370006],[-122.77808844168607,47.061090014434043],[-122.77779592866999,47.061139500255408],[-122.77752081781759,47.061185901815008],[-122.7774883571948,47.061191390372819],[-122.77713059235312,47.061191977842469],[-122.77682800652777,47.061192667507342],[-122.77652545124511,47.061193137483023],[-122.77620271081805,47.0611936148021],[-122.77574027158451,47.061194318541752],[-122.77536328369406,47.061194890712649],[-122.77536480454185,47.060993526557866],[-122.77536714824642,47.060703410151547],[-122.77536891792752,47.060483250373146],[-122.77537018365376,47.06031384669852],[-122.77537222372776,47.060062138144687],[-122.77537387393293,47.059854323906904],[-122.77537762799254,47.059385886285618],[-122.77490155592626,47.059386194717604],[-122.77466024238979,47.059386343425899],[-122.77417170709722,47.05938667205286],[-122.77356349914086,47.059387079623683],[-122.77296337422541,47.059387463939771],[-122.77236015191887,47.059387850703693],[-122.77198115359883,47.059388095490988],[-122.77166146654541,47.059388309679896],[-122.77134081470138,47.059388485926725],[-122.77102012243314,47.059388690324113],[-122.77069943196155,47.059388893497584],[-122.77037874777817,47.05938926006656],[-122.77005853251535,47.059389315755652],[-122.7700590292837,47.059316565534878],[-122.77006080794796,47.059055998873866],[-122.77006189221453,47.058891425870854],[-122.7700634022825,47.058671244534729],[-122.77006488001113,47.058453149137748],[-122.77006637301115,47.058232995978926],[-122.77006812921755,47.057973749581024],[-122.7700708304516,47.057575278267379],[-122.77008483249195,47.055502928019663],[-122.76986387208485,47.055547284855479],[-122.76987320019077,47.053947851725802],[-122.76995484177873,47.053947611809768],[-122.77009537062852,47.053947197465007],[-122.77010019817484,47.053346995787138],[-122.7701026927964,47.053048945506575],[-122.77010555213397,47.052665255624383],[-122.77010799914477,47.052336570929576],[-122.77010922175191,47.052172186509068],[-122.77011107317968,47.051924597203225],[-122.77011189513819,47.051813601112613],[-122.77011287250521,47.051683420490178],[-122.77011454516825,47.051457345250952],[-122.77011470506838,47.051435420059491],[-122.77011651068212,47.051191503379648],[-122.77011719340172,47.051101034372152],[-122.7701183980425,47.050944817213704],[-122.77011987307621,47.050745462938615],[-122.77012131936381,47.050552160063425],[-122.77012249975009,47.05038890308726],[-122.77012293004312,47.050330597121842],[-122.7701252153572,47.050021260446179],[-122.77012683322302,47.049801755554661],[-122.77012840976637,47.049582224664498],[-122.7701291984872,47.049476098932338],[-122.77012988210511,47.049383984796222],[-122.77013144068211,47.049170680768945],[-122.77013288876637,47.048973785964201],[-122.77013443117372,47.048763911674136],[-122.77013588554614,47.048564300737723],[-122.77013742615688,47.048354371584168],[-122.77013893981811,47.048148586114891],[-122.77014050558165,47.04793733992301],[-122.77014202014122,47.047731554681086],[-122.77014348978504,47.047528513321261],[-122.77014495942883,47.047325472412737],[-122.77014658268455,47.047107997811061],[-122.77014949951428,47.046709952746532],[-122.77015255198963,47.046290370997291],[-122.77015416446557,47.046073582035838],[-122.77015573741562,47.045856820963188],[-122.7701577999475,47.04557888310007],[-122.77015804967915,47.045545288962799],[-122.7706450048351,47.045424814866244],[-122.77113334788818,47.04530401055959],[-122.77134893547152,47.04525066463836],[-122.77139991486392,47.045238049851733],[-122.77130091333306,47.045087712192469],[-122.77100072061965,47.044631851603874],[-122.77099136736091,47.044617649397743],[-122.77084101273854,47.044389322751371],[-122.7708426503673,47.044156100432154],[-122.77084312557608,47.044087986619409],[-122.77084531297379,47.043774027530986],[-122.77084696228064,47.043540118750094],[-122.77084858553637,47.043310326283233],[-122.77085013153697,47.043084430419775],[-122.77082662442263,47.043084374713608],[-122.77066414434054,47.043083989667906],[-122.77050166605511,47.043083603397896],[-122.77033918687137,47.043083217740019],[-122.77017607347703,47.043082829633512],[-122.7691880524286,47.043081103967495],[-122.76857220519908,47.043080024125395],[-122.76509237882509,47.043073457534028],[-122.76501215837192,47.043073304495174],[-122.76478397640828,47.043072870476941],[-122.76478034990947,47.043155135539777],[-122.76391896257006,47.043154004890312],[-122.76391971805322,47.04307181389656],[-122.76380366829491,47.043071652287516],[-122.76344377624264,47.043071237858257],[-122.76306282768012,47.043070752418927],[-122.76270894625539,47.043070268816109],[-122.76221869158741,47.043069793171256],[-122.76193972157255,47.043069307119794],[-122.76166176485732,47.043069102047696],[-122.76117105384519,47.043068146472883],[-122.76081681848426,47.043067466368115],[-122.76018764025588,47.043066654037681],[-122.75972100139839,47.043065465843739],[-122.75962777244159,47.043065160378141],[-122.7596278434085,47.043057689631034],[-122.75936654235694,47.043057364576399],[-122.75902548168797,47.043057100125147],[-122.75868541365737,47.043056569386181],[-122.75834434131032,47.043056028240578],[-122.75818383752187,47.043055809088827],[-122.75714057008349,47.043054434799316],[-122.75679139672918,47.043053965275938],[-122.75644434878885,47.043053507995602],[-122.75609726311926,47.043053050715294],[-122.75575017565306,47.043052592822839],[-122.75540308818682,47.04305213370607],[-122.75505704546129,47.043051680098671],[-122.75470996158833,47.043051300562126],[-122.75436836821841,47.043050731257289],[-122.75436797295966,47.043099174791394],[-122.75436637036519,47.043295462600092],[-122.75436477316063,47.043491031633877],[-122.75436318493919,47.043685463803165],[-122.754361585938,47.043881404204292],[-122.75435989710527,47.044088194748277],[-122.75435820917083,47.044294937967997],[-122.75435650866002,47.044503189309282],[-122.75435479826771,47.044712574738988],[-122.75435295312812,47.044938610008252],[-122.75435280131285,47.044957229899154],[-122.7543524051558,47.045005638034723],[-122.75435079088324,47.045202852328643],[-122.75434924488263,47.045391812560553],[-122.75434765216961,47.04558638471255],[-122.75434609269429,47.045776947351925],[-122.75434428977553,47.045997369850525],[-122.75434271952041,47.046189158933934],[-122.75434092827972,47.046408073920858],[-122.75433869955951,47.046680426207665],[-122.75514566875565,47.046682395378674],[-122.75514620055829,47.046847636537478],[-122.75514766571052,47.04701280495545],[-122.75514917667684,47.04719991020945],[-122.75514963122438,47.047364898189514],[-122.75515030316421,47.047562434297262],[-122.7551511565637,47.047726469337285],[-122.75515189048731,47.047890618335558],[-122.75515241690005,47.048055566229046],[-122.75515228844098,47.048154611599756],[-122.75497941135403,47.04822326065478],[-122.75480467186705,47.048287020294339],[-122.75446602407293,47.048405682248543],[-122.7542105944101,47.048494542962295],[-122.75419933672296,47.048498459746995],[-122.75388406129589,47.048608138782015],[-122.75334738977885,47.048779982711288],[-122.75277085013118,47.048968472430033],[-122.75277082946997,47.048977112048995],[-122.75195809039472,47.049262137894736],[-122.75172055427404,47.04936101086578],[-122.75137892676814,47.049480445938507],[-122.75135479981623,47.04948895510114],[-122.75117482234906,47.049552410813313],[-122.75101021325975,47.049610448926082],[-122.7509869936063,47.049618638561988],[-122.75044141259828,47.049810318528912],[-122.74907339430322,47.05029092442367],[-122.74907217888266,47.050445623725423],[-122.74907282387301,47.050491707745785],[-122.74907256066665,47.050583752641195],[-122.74907249149635,47.050608215820986],[-122.74907011545244,47.051439900947038],[-122.74906928181585,47.051729386538319],[-122.74906849399335,47.052003056947242],[-122.74906798914016,47.052094542267092],[-122.74906744476111,47.052278107960426],[-122.74906661831105,47.052569655883062],[-122.74906585743798,47.052741564778458],[-122.74906556368887,47.052850235009487],[-122.74906503458119,47.05303036271453],[-122.74906417040187,47.053319161534873],[-122.74906263248613,47.053841060833257],[-122.74906238275449,47.053926324766259],[-122.74906277801321,47.05434806749161],[-122.74906306367745,47.054650845730734],[-122.74906331430743,47.054910608916273],[-122.74905961594338,47.05516000939356],[-122.74905876613714,47.055534047027216],[-122.74905822894461,47.055781331319487],[-122.74905739710465,47.056151231722787],[-122.74905718150897,47.056233431939994],[-122.74905701621896,47.056314946586497],[-122.74905593285074,47.056804720958517],[-122.74905575678092,47.05687590605806],[-122.74905510729899,47.057163715878758],[-122.7490544901564,47.057437633796503],[-122.74905265220333,47.057556168293893],[-122.74905225335135,47.057707554028639],[-122.7490512930523,47.058052468474173],[-122.74904694251137,47.059672806224576],[-122.7469282973548,47.060087344792038],[-122.74692039128199,47.060088891827419],[-122.74615258234404,47.060239111933953],[-122.74499572653126,47.060465229499385],[-122.74379105159929,47.060700891964288],[-122.74326814676397,47.060803179227548],[-122.74322876372361,47.060810884926596],[-122.74315375619399,47.060825561979264],[-122.74302224103975,47.060851295767847],[-122.74302029439055,47.060851676401612],[-122.74315281116631,47.061167862820326],[-122.74346283234729,47.061168822966422],[-122.74378923340912,47.061169833904202],[-122.74443100781443,47.061171817226978],[-122.7447925698348,47.06117297197239],[-122.74483873425724,47.061173105988942],[-122.745555854857,47.061175195178571],[-122.74593649709401,47.061176305251706],[-122.74671987203922,47.061178587204708],[-122.74712160492248,47.061179756024792],[-122.74748316514625,47.061180806126984],[-122.74788389371301,47.061181908856689],[-122.74904289110944,47.061185322912529],[-122.7491634117829,47.061185676618265],[-122.7495450574381,47.061186783019522],[-122.74984635777429,47.0611876905378],[-122.75014665199737,47.061188562563139],[-122.75016675000519,47.061188912597153],[-122.75044795143523,47.061189440707913],[-122.75074924997479,47.061190318240712],[-122.75105054941265,47.061191195773489],[-122.75135184974881,47.061192072082392],[-122.75165314918668,47.061192947779304],[-122.75183322546854,47.061193467322759],[-122.75195344340979,47.061193814296992],[-122.75223465651789,47.061194638590294],[-122.75251586962601,47.061195463495537],[-122.75279708273413,47.061196287176863],[-122.7530783353681,47.061197082096655],[-122.75335950805206,47.061197904554028],[-122.75364072116015,47.061198725787527],[-122.75429855923934,47.061200625884382],[-122.75443317807286,47.06120100039621],[-122.75471435255342,47.061201819793837],[-122.75499556566155,47.061202638579488],[-122.75527677876967,47.061203456141207],[-122.75555698666301,47.061204264523731],[-122.75558455326411,47.061204524601351],[-122.75594148536753,47.061205296878995],[-122.75636045242953,47.06120655871446],[-122.75638154307575,47.061206615625579],[-122.7566417050635,47.061207373216426],[-122.75692291817165,47.061208186494461],[-122.75714484696258,47.061209082385368],[-122.75720409085555,47.061208971622889],[-122.75748429874886,47.061209776333676],[-122.7577655127553,47.061210587775804],[-122.75804672586342,47.061211397994043],[-122.75832798029404,47.061212208212325],[-122.75867043963991,47.061213425987454],[-122.75889036428944,47.061213798663324],[-122.7591715791942,47.061214607657654],[-122.7594517870875,47.06121540624882],[-122.75955419592822,47.061215696923774],[-122.75970949128465,47.061215503548446],[-122.75998985368821,47.061215211649632],[-122.76026825237453,47.061214875078633],[-122.76054665195917,47.061214564821348],[-122.76092319338694,47.061214139517986],[-122.76092004479185,47.061607722364457],[-122.76091937824191,47.061709935678842],[-122.76091819156741,47.061872939535895],[-122.76091678750063,47.062065674498754],[-122.7609153690608,47.062260456300372],[-122.7609140099098,47.06244706012847],[-122.76091259416491,47.062641551705291],[-122.76090945185803,47.06307303834739],[-122.76090661048677,47.063463104220489],[-122.76051054237969,47.063496161431914],[-122.76023552225713,47.063518805567114],[-122.75995146687949,47.063542365125848],[-122.75967737381829,47.063565126118164],[-122.7595365081003,47.063576652247662],[-122.75952642001963,47.064566956290577],[-122.76143495551945,47.06443057143516],[-122.76465844942372,47.064764708326429],[-122.76443766418814,47.066940282912881],[-122.76443504829405,47.066970481706704],[-122.76443259768995,47.06700068354283],[-122.76443031417247,47.067030888421201],[-122.76442819594507,47.067061096341916],[-122.76442624300762,47.067091305469233],[-122.76442445536023,47.067121515803173],[-122.76442283390114,47.067151727343777],[-122.76442137773206,47.067181910108964],[-122.76442008505634,47.067212037176091],[-122.76441895317909,47.067242090800853],[-122.76441798569354,47.067272056298243],[-122.76441717810809,47.067301917147759],[-122.76441653311771,47.067331661723891],[-122.76441604712916,47.067361278401208],[-122.76441572283733,47.067390758001778],[-122.76441555844563,47.067420096854534],[-122.76441555215744,47.067449294347881],[-122.76441570846428,47.067478352317607],[-122.76441602377297,47.067507278718352],[-122.76441650167668,47.067536084564111],[-122.76441713948053,47.067564785763778],[-122.76441794077778,47.067593403121208],[-122.76441890556838,47.067621959275947],[-122.76442003564902,47.067650481762321],[-122.76442134179945,47.067679282635709],[-122.76442286713879,47.067709292554014],[-122.76442455686984,47.067739298784261],[-122.76442641368752,47.067769300102604],[-122.76442843579525,47.067799297120935],[-122.76443062319295,47.067829288003701],[-122.76443297677899,47.067859273362743],[-122.76443549565505,47.067889252586205],[-122.76443818071944,47.067919225062219],[-122.76444103197215,47.067949190178979],[-122.76444404851487,47.067979147936441],[-122.76444723124591,47.068009097722758],[-122.76445057836868,47.068039038926074],[-122.76445409167977,47.068068970934576],[-122.76445777117915,47.068098893748214],[-122.76446161507025,47.068128807367025],[-122.7644656251497,47.06815871056731],[-122.76446979962081,47.068188603349071],[-122.76447414028027,47.06821848571235],[-122.76447879714671,47.068250214672091],[-122.76448352408174,47.068281287692393],[-122.76448888343072,47.068312202221307],[-122.76449525518102,47.068342927054061],[-122.7645045410661,47.068373340429694],[-122.76450842717801,47.068413458574042],[-122.76439400606533,47.068470540008207],[-122.76434197833903,47.068496495884247],[-122.76069783213329,47.068534230728567],[-122.75949418577231,47.068546498585476],[-122.75949405282164,47.068465788272228],[-122.75907052680958,47.068464675903371],[-122.7583300176731,47.068462727116334],[-122.75697780703211,47.068459155665565],[-122.75616147289915,47.068456991502146],[-122.75508086518937,47.06845411941174],[-122.75451455825109,47.068452609330933],[-122.75397513249941,47.06845116839073],[-122.75100340941979,47.068443186621479],[-122.75012869916642,47.068440822989594],[-122.74914956784605,47.068438168722068],[-122.74901274724176,47.068437797320399],[-122.74899805799025,47.068437757549226],[-122.74375306274423,47.068422380171732],[-122.74167440699085,47.068416220531006],[-122.74082717979526,47.06841369903686],[-122.740814169495,47.068413659877542],[-122.7407837067254,47.068441893752187],[-122.74075440907073,47.068468131711477],[-122.7407244520526,47.068493999480324],[-122.74069385723067,47.068519522757477],[-122.74066256531609,47.0685446617724],[-122.74063067602181,47.068569429374683],[-122.74059814533042,47.068593811492036],[-122.74056499749643,47.068617807513149],[-122.74053123162153,47.068641391128402],[-122.74049688633326,47.06866458803664],[-122.74046194097042,47.068687358467315],[-122.74042641529587,47.068709715270032],[-122.74039035063217,47.068731643760671],[-122.74034876851594,47.068756067410362],[-122.73937273458672,47.069335325649014],[-122.73932037628039,47.069294149078324],[-122.73927934842472,47.069316490330174],[-122.73923894040662,47.069339286180245],[-122.73919911809008,47.06936259169467],[-122.73915987518687,47.06938635119424],[-122.73912125571449,47.069410592823509],[-122.73908325697799,47.069435260291378],[-122.73904587897734,47.069460409887768],[-122.73900916303505,47.069485984709608],[-122.7389731073545,47.069511985368202],[-122.7389377496649,47.069538411862922],[-122.73890301450781,47.069565264193137],[-122.7388690195625,47.069592541134483],[-122.73883572260817,47.069620187619769],[-122.73880312454314,47.069648259326783],[-122.73877122536742,47.069676673655103],[-122.73874006640347,47.0697055132039],[-122.73870968358392,47.069734692313546],[-122.73867999785706,47.069764215878294],[-122.73865113229205,47.06979410653593],[-122.73862152382027,47.069826488011849],[-122.73849495748495,47.070220729251076],[-122.73849397652465,47.070345574017054],[-122.73847988644943,47.070376187546074],[-122.73846670367263,47.070408370431593],[-122.73845432758294,47.070440675665971],[-122.73844280219787,47.070473155255442],[-122.7384320834999,47.070505756581412],[-122.73842221460818,47.070538479031825],[-122.73840791702212,47.07059202298089],[-122.73838845232653,47.070663372000581],[-122.73836949068755,47.070756646746773],[-122.73836850972722,47.071030953093697],[-122.73836662865503,47.071277841242697],[-122.73836470715864,47.07152473069533],[-122.73836264911832,47.071789450672831],[-122.73835992632469,47.072036355498312],[-122.73834274963815,47.074265897924093],[-122.73833179827652,47.075662378299178],[-122.73831980936075,47.077118759147794],[-122.73830073004243,47.079281211745368],[-122.73826964563865,47.082900053885069],[-122.73828971849366,47.08290008997529],[-122.73828092758029,47.084475620512094],[-122.73821270053448,47.084475561790796],[-122.73820778405492,47.08535621807841],[-122.7382051546861,47.085826957940483],[-122.73820230343338,47.086337809303913],[-122.73819971269211,47.086801804351815],[-122.73819506660546,47.087633664393238],[-122.73819266990026,47.088063032452801],[-122.73818896255308,47.088727013264922],[-122.73818559746404,47.089329675372099],[-122.7382538272048,47.089329830724708],[-122.73824925927158,47.090147598818625],[-122.73822922234916,47.090147574965592],[-122.73821724061992,47.090736857970242],[-122.73821640428839,47.090777962927817],[-122.7382155706518,47.090819095987626],[-122.73820730704951,47.091223536968705],[-122.73820240134975,47.091463995999128],[-122.73822207445446,47.091464030248765],[-122.73820919261328,47.092087639024669],[-122.7382069252655,47.092197290167121],[-122.73819244981303,47.092899130904783],[-122.73819102239003,47.092967732794591],[-122.73817106451938,47.092967593965334],[-122.73816355190864,47.093368865945784],[-122.73815412139477,47.093781037422502],[-122.73815255113969,47.093864727504808],[-122.73814383119321,47.094275649991907],[-122.73813525946876,47.094687256705001],[-122.73815531615411,47.094686871420322],[-122.73814682527806,47.09509850308666],[-122.73813806939897,47.095523141759244],[-122.73813298852774,47.095770076655313],[-122.73811943025515,47.096427956647268],[-122.7381011953532,47.096427785415244],[-122.73808235319011,47.0973326191776],[-122.73808023496268,47.097496698623978],[-122.74352773652488,47.097501773105591],[-122.74352769879565,47.097505765177559],[-122.74352694331249,47.097584348637163],[-122.74355165416931,47.097584370652193],[-122.74468469115234,47.097585346042081],[-122.7456818148295,47.097586180780105],[-122.74580231214678,47.09758628596321],[-122.74592281126066,47.097586391146322],[-122.74694001857262,47.097587264410684],[-122.74831841420584,47.097587002064472],[-122.74831933677564,47.097502544245721],[-122.74885474705802,47.09750665617765],[-122.75089615865971,47.097522048400521],[-122.75187897307271,47.097528626632844],[-122.75228192137658,47.097531549747814],[-122.75299190935294,47.097536657860239],[-122.75360538952172,47.097541066381645],[-122.75418737026507,47.097545235794399],[-122.75499884900393,47.097551066734113],[-122.75551212389938,47.09755473346835],[-122.75613380209344,47.097559187241515],[-122.7568112872262,47.097564056243101],[-122.75761545367868,47.097569792393614],[-122.75801422391812,47.097572667806958],[-122.75848123377982,47.097575990248487],[-122.75867404547748,47.097577702531908],[-122.75887704946031,47.09757881123538],[-122.75951906371577,47.097583398319991],[-122.75951887866283,47.097603663799383],[-122.7595158100178,47.097938362617775],[-122.75951254643837,47.098294011899519],[-122.7595092909438,47.098649005093542],[-122.75950627979098,47.09897729601601],[-122.75950402142635,47.099223514102562],[-122.75950251584993,47.099387659268679],[-122.75949883994377,47.099788448704246],[-122.75949570392513,47.100130391688808],[-122.75949247807492,47.100481963546876],[-122.75948805656711,47.100964113453678],[-122.75948662555088,47.101120051962553],[-122.75864338687514,47.101115356949038],[-122.75835454886689,47.101113776861041],[-122.75790110715924,47.101111294826445],[-122.75753951549444,47.101109445071621],[-122.7569589576825,47.101106385179492],[-122.75656521172044,47.101104118388768],[-122.75563975114507,47.101098792316876],[-122.75562404050906,47.101098701816433],[-122.75560308820339,47.101098581353035],[-122.75558207571056,47.101098459666652],[-122.75415297197618,47.101090216178157],[-122.75415159575721,47.1012474304924],[-122.75415039560797,47.101385817301896],[-122.75414914335644,47.101523548240309],[-122.75414791985105,47.101661936778022],[-122.75414670443047,47.10179961135735],[-122.75414548092506,47.101937997954536],[-122.75414426370783,47.102075701170911],[-122.75414304199904,47.102214087661899],[-122.75414180681551,47.102351819515007],[-122.75414058061517,47.102490207122656],[-122.75413936339794,47.10262788139454],[-122.75413813809591,47.102766269507548],[-122.7541369199804,47.102903971193058],[-122.75413546470961,47.103068392401774],[-122.75413510089192,47.103109498236059],[-122.75413424569579,47.103206093917258],[-122.75413299793584,47.103344481750185],[-122.75413180227822,47.103482183774467],[-122.75413052667051,47.103620600851258],[-122.75412930496172,47.103758303384268],[-122.75412808325294,47.103895978656972],[-122.75412759726436,47.103950785373137],[-122.75412684717112,47.104034365307953],[-122.75412560929264,47.104172068605038],[-122.75412441273669,47.104309770323056],[-122.7541226502421,47.104448168127405],[-122.75412145278781,47.1045858703541],[-122.75412022389253,47.104723710411797],[-122.75411933276375,47.104860768684418],[-122.75411854583956,47.104997484195195],[-122.75411749570901,47.105161270375],[-122.75411671507302,47.105297757046486],[-122.75411592365725,47.105433561001519],[-122.75411552660191,47.105501804949064],[-122.75411512954655,47.10557004819772],[-122.75411433543583,47.105706535655465],[-122.75411355479986,47.105843022763203],[-122.75411277416387,47.105979508909584],[-122.75411183362777,47.106116025889023],[-122.75411101166927,47.106252513781143],[-122.75411020767707,47.106388318357581],[-122.75411004148877,47.106416270419459],[-122.75410940637987,47.10652480555153],[-122.75410900393462,47.106593731674614],[-122.75410860867588,47.106661293006901],[-122.75410781187023,47.106797779500916],[-122.75410700967468,47.106934239353812],[-122.75410620747915,47.107070726370786],[-122.75410539001223,47.107206531916816],[-122.75410456985038,47.107343018235639],[-122.75410424376193,47.10740013561616],[-122.75410379011272,47.107479532329613],[-122.75410296815421,47.107616020394033],[-122.75410218751823,47.107752506274245],[-122.75410136645807,47.107888993638753],[-122.75410054899116,47.108024799542733],[-122.75409976835519,47.108161285597603],[-122.75409894639668,47.108297773136698],[-122.75409866791897,47.108345188312931],[-122.75409816486238,47.108434259103035],[-122.75409734470054,47.108570746553525],[-122.75409652274206,47.108707234265495],[-122.75409574749598,47.108843064983411],[-122.7540949255375,47.108979552608481],[-122.7540941440032,47.109116039883503],[-122.75409332294301,47.109252499295771],[-122.75409235455915,47.109416311512604],[-122.75409108703627,47.109634663025133],[-122.75408977998754,47.109853014864683],[-122.75405209296643,47.111421919917326],[-122.75403540586173,47.111974141364477],[-122.75367560184432,47.111974965483675],[-122.7542099763692,47.113042938700815],[-122.75500231380597,47.114625923499169],[-122.75502603921095,47.114658033194374],[-122.75503802094021,47.114671617636319],[-122.7550432446436,47.114683268427633],[-122.75505149477115,47.114693725894057],[-122.75506002247815,47.114704068427784],[-122.75507936859611,47.114726347845213],[-122.75509145363162,47.114739517786184],[-122.75515193270813,47.114800841752036],[-122.75520716831831,47.114864279630652],[-122.75523161956203,47.114892722419413],[-122.75551620404741,47.115223794971136],[-122.75629228377419,47.116126530360688],[-122.75662517965554,47.116513724124744],[-122.7577920319208,47.117067894152676],[-122.75841316932905,47.117311291155218],[-122.7593714875826,47.117686944147913],[-122.75936765357295,47.118225270092331],[-122.75937924902665,47.118234811757823],[-122.75939066751222,47.118242676035237],[-122.75940056694664,47.118246543682147],[-122.75941719386425,47.118251956064498],[-122.7594322747812,47.118256083509962],[-122.75944668914828,47.118259282402235],[-122.75946187876141,47.118261981257298],[-122.75947524928611,47.118264291330405],[-122.75948868808275,47.118267049480572],[-122.7595019624877,47.118270168904232],[-122.75951500961889,47.118273705228845],[-122.75953285195706,47.118279304052457],[-122.75956618843726,47.118291196125455],[-122.75959200512023,47.118300529939916],[-122.75960354847162,47.118304736238258],[-122.75963589590668,47.118316588571631],[-122.75966429165281,47.118327151688739],[-122.75968387402769,47.118334431557962],[-122.75970581537852,47.118342364896556],[-122.75971719972809,47.118346008192361],[-122.75972968271731,47.118349345842354],[-122.75974633927929,47.118353350410722],[-122.75975971519387,47.118356908736331],[-122.75977288090267,47.118360787378172],[-122.75979181559224,47.118367058001439],[-122.75980847305254,47.118373279109349],[-122.75982030027158,47.11837815537671],[-122.75983371840699,47.118384040273433],[-122.75984728027282,47.11838960301926],[-122.75985875714888,47.118393841708972],[-122.75987050351955,47.118397681225545],[-122.75990333155328,47.118407368958522],[-122.75993152428016,47.118415373195937],[-122.75996577075375,47.118424828024104],[-122.76000013041505,47.118434060952211],[-122.76003066325325,47.118442140374349],[-122.76006119609143,47.118450191064547],[-122.76014237953859,47.118471416272584],[-122.76022356298577,47.118492614575374],[-122.7602703894666,47.11850468937623],[-122.76031732913512,47.118516515379589],[-122.76033999991796,47.118522012703657],[-122.76036807766049,47.118528324264261],[-122.76038387004319,47.118530249213713],[-122.76041536497704,47.118530875785027],[-122.76043798725084,47.118530479669687],[-122.76045493935857,47.118529837204846],[-122.76047051165399,47.118528942277592],[-122.76048691848436,47.118527675686494],[-122.76049897387547,47.118526473892054],[-122.76051100052047,47.118525053867359],[-122.76053395517094,47.118521787749245],[-122.76054905315593,47.118519272905381],[-122.76056404064813,47.11851649948607],[-122.76058492288523,47.118512107983868],[-122.7606019252986,47.118508049633938],[-122.76061871301464,47.118503595779465],[-122.76063524740577,47.118498732360706],[-122.76064747796835,47.118494843336954],[-122.76065958007186,47.118490694514875],[-122.76067243137032,47.118486010814074],[-122.76068240356828,47.118482099783002],[-122.76069543003821,47.118476614680596],[-122.76070926589023,47.118470304947749],[-122.76072370271517,47.118463201148572],[-122.76073275952986,47.118458367679288],[-122.76074165015622,47.118453399114514],[-122.76076226469536,47.118441271731044],[-122.76077661348539,47.118432405578339],[-122.76079075745952,47.118423404940231],[-122.76080469212623,47.118414215411889],[-122.76081772398604,47.118405700135369],[-122.76082716707633,47.118399744942664],[-122.76083681588077,47.118393897336411],[-122.76084658955106,47.118388186047369],[-122.7608565285114,47.118382582344893],[-122.76092988583578,47.11834197550403],[-122.76100344977274,47.118301558132629],[-122.7610338406771,47.118285068535606],[-122.76106439956642,47.118268769045308],[-122.76109718178611,47.118251443801519],[-122.76113000712489,47.118234146060267],[-122.76114356449918,47.118227026947267],[-122.76115716499257,47.11821993595278],[-122.7611752876051,47.118210572170831],[-122.76119345333677,47.11820129030049],[-122.76123153471829,47.11818204007281],[-122.76126970054149,47.118162871140136],[-122.76130692582855,47.118144542729191],[-122.76134452661138,47.118126594536662],[-122.76137877039001,47.118110817042826],[-122.7614134291903,47.11809541915796],[-122.76144409048757,47.118082368638625],[-122.76146860371503,47.118072384979968],[-122.76150041395756,47.118059950028552],[-122.76153212179216,47.118048067684569],[-122.76156830772842,47.118035070947563],[-122.76159964905038,47.118024351892281],[-122.76163625180494,47.118011761660661],[-122.76166797491089,47.118000375066323],[-122.7617024693195,47.117987403380752],[-122.76173240837129,47.117975658562102],[-122.76176517621788,47.117962905714307],[-122.76178676902238,47.117954949701179],[-122.76181423950378,47.117945417766265],[-122.76182975700199,47.117940335452545],[-122.76187073095872,47.117927017758802],[-122.76191141206466,47.117913375463417],[-122.76194804626027,47.11790053701926],[-122.76197984212978,47.117888901603443],[-122.76201344900286,47.117875888933852],[-122.76203302508954,47.117867907233226],[-122.76204515054923,47.117862615237314],[-122.7620566157472,47.117857145964798],[-122.7620714029151,47.117849403278498],[-122.76208558102523,47.11784115993882],[-122.76209772624787,47.117833353063951],[-122.76210606441033,47.117827498059889],[-122.76211704361972,47.117819144072001],[-122.76212832825634,47.117809628617792],[-122.76214765820461,47.11779202447282],[-122.76216418271427,47.11777681783186],[-122.76218360339239,47.11775895081793],[-122.76220306629133,47.117741082575385],[-122.76222397996946,47.117721981337979],[-122.76224497539431,47.117702905156975],[-122.76226868462959,47.117681130696042],[-122.76227764083298,47.117671299786871],[-122.76228594396115,47.1176599082293],[-122.76229112274878,47.117651497975572],[-122.76229577871689,47.11764294406516],[-122.76230092067357,47.117632287894743],[-122.7623046432921,47.117623940600474],[-122.76230816468801,47.117615568241639],[-122.7623205533541,47.11758582483931],[-122.76233342980538,47.117556184730169],[-122.7623463960882,47.117528112590577],[-122.76235680576569,47.11750702088117],[-122.76236782360267,47.117486058147925],[-122.7623741207928,47.117473759990965],[-122.76237902020435,47.117463150245534],[-122.76238359622243,47.117452489148697],[-122.76238716612737,47.117442288971112],[-122.76238677176696,47.117431776416382],[-122.76238194601723,47.117419239839116],[-122.76238116987284,47.11740921081973],[-122.76238414599136,47.117397114374704],[-122.7623870574312,47.117389454147251],[-122.76239051055516,47.117381896006172],[-122.76239713293543,47.117369712138668],[-122.76240609452873,47.11735606236477],[-122.76241630478022,47.117342391191791],[-122.76242428181996,47.117332161650559],[-122.76243679984343,47.117316492121809],[-122.76244948225862,47.11730090328048],[-122.76247570408177,47.117270096645385],[-122.76249451749875,47.117250262285623],[-122.76250882945786,47.117242133778284],[-122.76256223609815,47.11722182442481],[-122.76261208271495,47.117203663798378],[-122.76265373040815,47.117188766309404],[-122.7626954176272,47.117173868204944],[-122.76271741736852,47.117165988486953],[-122.76273941621152,47.117158108156481],[-122.76276591471576,47.117148480103907],[-122.76279794953713,47.117136757718342],[-122.76283376267254,47.117123505233153],[-122.76284983263466,47.117116480112564],[-122.76286521718222,47.11710812784694],[-122.76288147938379,47.117098626936894],[-122.76289403693315,47.117092364111166],[-122.76290579049034,47.117087392973566],[-122.76291980420876,47.117082891929648],[-122.76293265011732,47.117080266371474],[-122.76294749567573,47.117079009526798],[-122.76296840486228,47.117079609829077],[-122.76298699010718,47.117082799622466],[-122.76300360355006,47.117088165663951],[-122.76301815895259,47.117094696853364],[-122.76303183310785,47.117102355900627],[-122.76304281052062,47.117109658555741],[-122.76305592861873,47.117119716362964],[-122.76306546603207,47.117129137188229],[-122.76307074902429,47.117136549263329],[-122.76307632666388,47.117147056374584],[-122.76308117487146,47.117157437555029],[-122.7630947322457,47.117189873381896],[-122.76310653700688,47.117219802230665],[-122.76311960659594,47.117255249301898],[-122.76313211204301,47.117291984976951],[-122.76313462013931,47.117301657628673],[-122.76313621105565,47.117316391256836],[-122.76313440454362,47.117328232806912],[-122.76312700242569,47.117347553031991],[-122.76312306151654,47.117356646770062],[-122.76311883763806,47.1173656909911],[-122.76311440894371,47.11737468263857],[-122.76310977633179,47.117383594815202],[-122.76310486254719,47.117392483149608],[-122.76309209928361,47.117414354314363],[-122.76308163750383,47.11743126047773],[-122.76307076788889,47.117448062714445],[-122.76306374216504,47.117457740839505],[-122.76305585136362,47.117467294257331],[-122.76304582347008,47.11747784409441],[-122.76303802070352,47.11748534475953],[-122.76302669115117,47.117495321804014],[-122.76301692826067,47.117503236928734],[-122.76300487556448,47.117512687639852],[-122.76299763334667,47.117518774361528],[-122.76298832500372,47.11752706848911],[-122.76298163794472,47.117533449244718],[-122.7629751943292,47.117539938199727],[-122.76294990585563,47.11756717713093],[-122.76293224407883,47.117587111014409],[-122.76291511410469,47.1176072851312],[-122.7628918692984,47.117634107733053],[-122.76287909345842,47.117648045357569],[-122.76286595020748,47.117661850937822],[-122.76284049824054,47.117687743115432],[-122.76281467796434,47.11771344761177],[-122.76273624515855,47.117791814797755],[-122.76271275780715,47.117816134044148],[-122.76269140395452,47.117839098645206],[-122.7626706609563,47.117862302253393],[-122.76264719157118,47.117888438852006],[-122.76262867639485,47.117908139099967],[-122.76260962851758,47.117927625998362],[-122.76260195690507,47.11793477938398],[-122.76259315700854,47.117941950496252],[-122.76258365642609,47.117948663135707],[-122.76257349737854,47.117954917913814],[-122.76256269603553,47.117960659202843],[-122.7625513548051,47.117965898617612],[-122.76253803009449,47.117971888702755],[-122.76252446194043,47.117979568407783],[-122.76251072580143,47.117989623605396],[-122.76250045446446,47.117999396382729],[-122.7624841644151,47.118018960882104],[-122.76247615144278,47.118029300935675],[-122.76246842413471,47.118039719232961],[-122.76246094027006,47.118050244504751],[-122.76244075512564,47.118078232621563],[-122.76242856498722,47.118094090204572],[-122.76241600833619,47.118109815743367],[-122.76237597671218,47.118158762637535],[-122.76233329505808,47.118210586841876],[-122.7623256782428,47.118219405962037],[-122.7623041905412,47.118243281826025],[-122.76228241807364,47.118267023806325],[-122.76224044339367,47.118313245417973],[-122.76223149347851,47.118323296884753],[-122.7622225058341,47.118333376469067],[-122.76218888818124,47.118371208667014],[-122.76215531185086,47.118409012107385],[-122.76212881693986,47.118438885865643],[-122.76210240557218,47.118468813400618],[-122.76207945361666,47.118494804825744],[-122.76205429719548,47.118523033556635],[-122.76204628871469,47.118530977259013],[-122.76203787150047,47.118538183134397],[-122.76202871676942,47.118544973943621],[-122.7620177770859,47.118552653565978],[-122.76200834028383,47.118560114957141],[-122.76199663074412,47.118570846130247],[-122.76198563716164,47.118582493011402],[-122.76197733762675,47.118592067622409],[-122.76196682823624,47.118605047718574],[-122.76193012666698,47.118654123750169],[-122.76189714052977,47.118700318740203],[-122.7618539495309,47.1187639121271],[-122.76183197134917,47.118797602556199],[-122.76181056090267,47.118831448230559],[-122.76180034615957,47.118848543442141],[-122.76179520060964,47.118857793412737],[-122.76179033892731,47.118867094729687],[-122.76178568116255,47.118876474900809],[-122.76178126145138,47.118885741982496],[-122.76282604524593,47.118895779281623],[-122.76300377243331,47.118676807408626],[-122.76318087618992,47.118458588966256],[-122.76347920220418,47.11823922651206],[-122.76382625104284,47.118167251056626],[-122.76372010431224,47.118083397446817],[-122.7637142661612,47.117807341754229],[-122.76435886486973,47.117826522429603],[-122.76436470571569,47.118102579245289],[-122.76415884778523,47.118096453467587],[-122.76415826927015,47.118170431004145]]]},"properties":{"OBJECTID":84,"JurisdictionName":"LACEY","CREATE_DATE":null,"EDIT_DATE":null,"GlobalID":"{34E227C5-3B6B-419D-BF03-54628874D375}"}},{"type":"Feature","id":86,"geometry":{"type":"Polygon","coordinates":[[[-122.89090856159952,47.018667804171308],[-122.89023305815026,47.018667705569179],[-122.89022899237527,47.01905194497153],[-122.88964479728476,47.019050487385606],[-122.88964449994241,47.019215455851587],[-122.88964443616202,47.019270289057701],[-122.88964220923843,47.019380025117705],[-122.88964088691833,47.019544630622093],[-122.88963960592072,47.019709234394156],[-122.89022201695708,47.019711053291957],[-122.89022610788489,47.019324488344601],[-122.89090373944306,47.019326928257421],[-122.89161754525941,47.019328903949791],[-122.89233209308418,47.019331180344153],[-122.89233369298368,47.019112039735106],[-122.89233080400172,47.018920253759113],[-122.89232988592352,47.018892829021731],[-122.89232481493372,47.018742015986888],[-122.89232253590785,47.018673424491254],[-122.89231934060038,47.018577434955276],[-122.89231518589219,47.018454020896463],[-122.89231382763948,47.018412882201048],[-122.89230876832782,47.018262206222012],[-122.89230142999025,47.018042940574446],[-122.89294026510792,47.018045537331091],[-122.89296382162961,47.018771455098062],[-122.89359661647532,47.018773925657889],[-122.89359586368711,47.018751299269908],[-122.89359457729961,47.0187129045121],[-122.89359129755053,47.01860934166249],[-122.89359057889828,47.018588086449817],[-122.89358849929842,47.018527065704113],[-122.89358763691574,47.018501724889184],[-122.89358504078454,47.018425620305507],[-122.89358391699217,47.018391996823112],[-122.89358043781704,47.018289837675496],[-122.89357939936458,47.018258655294098],[-122.89357513865519,47.018133513413225],[-122.89357400138802,47.018099259544059],[-122.89357341838141,47.018078660053973],[-122.8935684390198,47.017936052080174],[-122.89356604500958,47.017867517731446],[-122.89293448983894,47.017867543454109],[-122.89292075100502,47.017442024408481],[-122.89355176628813,47.01744420779103],[-122.89381595991487,47.017445086655997],[-122.89386840445947,47.017445287539459],[-122.89392223510454,47.01744545841288],[-122.89393304992228,47.017774321949013],[-122.89409197087919,47.017774917246228],[-122.89411878918366,47.017775018299794],[-122.89420095179447,47.017775342895987],[-122.89420283196839,47.017849914844653],[-122.8942062536513,47.017913430849141],[-122.89428230143,47.017913620094383],[-122.89469845047697,47.017913946527102],[-122.8947461896461,47.017914132097651],[-122.8952120658339,47.017915943094835],[-122.89522909340012,47.018299321917375],[-122.89580382653574,47.018300443294436],[-122.89637776825562,47.018305774581542],[-122.89637680166835,47.018183085024994],[-122.89665731229391,47.018186227459779],[-122.89687211474971,47.018186782331298],[-122.89726878382972,47.018187806945058],[-122.89727270497593,47.018297476636533],[-122.89727866080628,47.018472312576513],[-122.89727962469857,47.018499764477127],[-122.89728508286224,47.018659501383098],[-122.89728579881952,47.018682828435949],[-122.89729118511796,47.018840522941041],[-122.89729432203492,47.018930997662544],[-122.89729724694949,47.019020844488587],[-122.89730359264867,47.019205936863962],[-122.89730909303314,47.019389014324751],[-122.89702403154237,47.019388082822964],[-122.89702605005679,47.019452563406709],[-122.89669581049372,47.019451418169218],[-122.89641823825745,47.019450433387426],[-122.89640116038558,47.019066138059387],[-122.89606764466669,47.01906708426511],[-122.89582960279451,47.019068849290868],[-122.89559103361123,47.019068155406728],[-122.89535286058502,47.019067426001527],[-122.89534641696947,47.018875424901296],[-122.89473129468037,47.018873495124623],[-122.89473786316172,47.019065113462482],[-122.89494637471557,47.019065939631794],[-122.89515468684344,47.019066735179479],[-122.89525073381529,47.019067138159024],[-122.89526372704758,47.019359674767273],[-122.89575314089245,47.019354996433222],[-122.89670875791191,47.02055176939993],[-122.89653615561325,47.020551259259172],[-122.89629571973082,47.020548739788509],[-122.89605540781589,47.020549592268601],[-122.89598294072192,47.020549369962389],[-122.89581408080471,47.020548764285067],[-122.89575250847849,47.020548671810559],[-122.89557368624479,47.020547668676599],[-122.89552207533677,47.020547973658729],[-122.89548926437102,47.020547725631097],[-122.89550375599319,47.020951475115112],[-122.89674148713101,47.020952679111709],[-122.89675428003893,47.021375425995849],[-122.89676269186327,47.021653387670476],[-122.89678693379953,47.022454879506263],[-122.89680703629894,47.023088776810972],[-122.8968095372087,47.023170290058232],[-122.89681605807934,47.023401319314189],[-122.89719555047282,47.023252484150873],[-122.89783677960072,47.023000891565758],[-122.89827984756347,47.02282653097032],[-122.89885963102762,47.022598639564883],[-122.89923809395178,47.022449778280446],[-122.89976104280453,47.022243192311166],[-122.90034405391549,47.022008819866713],[-122.90092043905291,47.021777110944946],[-122.90124209431514,47.021648084888071],[-122.90098303096698,47.021909956830534],[-122.90075419772477,47.02214306817411],[-122.90045936795359,47.022443449820308],[-122.90025383161993,47.022652829349177],[-122.90438553934446,47.024230851133694],[-122.90471726561933,47.025259549661669],[-122.90474062810489,47.025259702751626],[-122.90592895639365,47.025267440530108],[-122.90616210244755,47.025268957345205],[-122.90708578615529,47.025274961532176],[-122.90731563269716,47.025276455077403],[-122.90741731749574,47.025277115201106],[-122.90743737507941,47.025277288498856],[-122.91018582459007,47.025300992323203],[-122.91551368942108,47.025346757593859],[-122.92308543893226,47.025411371823516],[-122.92308101922104,47.025369699000883],[-122.92307338174452,47.025095422272763],[-122.92320577365444,47.025093291866234],[-122.92341699722216,47.025090606659887],[-122.92363562650107,47.025091024902949],[-122.92370071842655,47.025091190853018],[-122.92581002739237,47.025095800099962],[-122.92581405903135,47.0242267562043],[-122.92581823170583,47.023319698640378],[-122.92335636004218,47.023315834509191],[-122.9233583417257,47.022854286213523],[-122.92345016302245,47.02276353031759],[-122.92345110445686,47.022544180273556],[-122.92329148910224,47.022445200037069],[-122.92398936599196,47.022451951047515],[-122.92448593761303,47.022456596653477],[-122.92505773595261,47.022461716250348],[-122.92546902960545,47.022465408973652],[-122.92582214476722,47.022468677921516],[-122.92595653003877,47.022469910053935],[-122.92645113434938,47.022474506666981],[-122.92654620754747,47.022475388511175],[-122.92699581524549,47.02247955644949],[-122.92725668061412,47.022481964986184],[-122.92747817012888,47.022278153898931],[-122.9274997826963,47.022257953464994],[-122.92749983210365,47.022257911822166],[-122.92749988510424,47.022257857319104],[-122.92750416198332,47.022253919011327],[-122.92750432188345,47.022253770199491],[-122.92751371736298,47.022245059501856],[-122.92751401829862,47.022244780862366],[-122.92754267275954,47.022218209673696],[-122.92754382080651,47.022217144719235],[-122.92757425572832,47.022188924949319],[-122.92757488275238,47.022188343786368],[-122.9276711147772,47.022099112237022],[-122.92767446818813,47.022096003101929],[-122.92777651770272,47.022001379240933],[-122.92777830624847,47.021999719644434],[-122.92784295171124,47.021939778168523],[-122.92793646902729,47.021852904552098],[-122.92794131633653,47.021848401582567],[-122.92820675772323,47.021601819176333],[-122.9282786660651,47.02153567361605],[-122.92829949979316,47.02151650908668],[-122.92830638448152,47.021510176229071],[-122.9284632896189,47.021371431281764],[-122.92848427156899,47.021352119716333],[-122.92850720735483,47.021331008898294],[-122.9285192780173,47.021319898647185],[-122.92854833582179,47.02129315185028],[-122.92866914215953,47.021181956070478],[-122.92866964162283,47.021181495540702],[-122.92869836525404,47.02118178030976],[-122.92875738636484,47.021182366382924],[-122.9289135665618,47.021183604056652],[-122.92930110786021,47.021186675275708],[-122.92976455859677,47.021190014728624],[-122.93011767555517,47.021192771170384],[-122.93033535800976,47.021194351179098],[-122.93132262626996,47.021183122092658],[-122.93132207470438,47.021149585471299],[-122.93132069219713,47.021068281644283],[-122.9313205673313,47.021059286595865],[-122.93132097157321,47.021046626895519],[-122.93132502836504,47.021032804228767],[-122.93132828475792,47.021024094556751],[-122.93136429821764,47.020927929810789],[-122.9313675564072,47.02091922012162],[-122.93137410692226,47.020905270653095],[-122.93138314127906,47.020894833964313],[-122.93147052759328,47.02079396444384],[-122.93147719938088,47.020786252963035],[-122.93148387116848,47.020778540256316],[-122.93150165601448,47.020761980653482],[-122.93151943996217,47.020745421045561],[-122.93153726433405,47.020728833873903],[-122.93155504828171,47.0207122742557],[-122.93157283222941,47.020695714632303],[-122.93158825270955,47.020680486388343],[-122.93160516618973,47.020661127417206],[-122.93162041239675,47.02064341460467],[-122.93163569812963,47.02062570056146],[-122.93165094253997,47.020607987737165],[-122.93166618784868,47.020590273682203],[-122.93167812825541,47.020574229673237],[-122.93169459886617,47.020554069013897],[-122.93170764150575,47.020535552066207],[-122.93172023588606,47.0205168801713],[-122.93173944276514,47.020486492779867],[-122.93174126904012,47.020438971222873],[-122.93174523420377,47.02033486973265],[-122.93175066811295,47.020193101285734],[-122.93175493600884,47.020041729109849],[-122.93175396582835,47.020027375214909],[-122.93174233534036,47.01988983533419],[-122.93173928017006,47.019878158905641],[-122.93169414162368,47.01970566457738],[-122.93168848493232,47.019693220741637],[-122.93168282734267,47.019680749343955],[-122.93162595410374,47.019555685511897],[-122.93161866068193,47.01954028546367],[-122.93161203201345,47.019531619642791],[-122.93160226013978,47.019520414703628],[-122.93149446859391,47.019396672113778],[-122.93147977395249,47.019379481894674],[-122.93147085098677,47.019367984183347],[-122.93141026231581,47.019289795515924],[-122.93140357525684,47.019281172524366],[-122.93139688819784,47.019272548918984],[-122.93138815477666,47.01926123981265],[-122.93136485696975,47.019231200178638],[-122.93141917270511,47.019179004666753],[-122.93143104753483,47.019185255122856],[-122.93145910102287,47.019201615562714],[-122.93148715630748,47.019218003556929],[-122.9315152502197,47.019234362761907],[-122.9315428105326,47.019250458617478],[-122.93159648756578,47.019281750044378],[-122.93170402219349,47.019348331383419],[-122.9317759035859,47.019392815660154],[-122.93180696553181,47.019411827845111],[-122.93183806610526,47.01943081246408],[-122.93186912715282,47.019449797076298],[-122.93190253998982,47.019470241093586],[-122.93193368008914,47.019485686481588],[-122.93196740733649,47.019502420409204],[-122.93206858907851,47.019552650332137],[-122.93210231452923,47.019569384238757],[-122.93213587918147,47.019586066696505],[-122.93217217650887,47.019600250455987],[-122.93220835525861,47.019614409102282],[-122.93224453131342,47.019628540798145],[-122.93228070826655,47.019642698212124],[-122.93231688432135,47.019656829900498],[-122.93232705145374,47.019660812494415],[-122.93235407816738,47.019669540761576],[-122.93239203378475,47.01968130297508],[-122.93242998850383,47.019693092745108],[-122.9324679432229,47.019704881900054],[-122.93250589884029,47.019716644105763],[-122.9325409232549,47.019727507883935],[-122.93258350968757,47.019737032290379],[-122.93262313796801,47.019745878130308],[-122.93274198058853,47.019772445650062],[-122.93278156754646,47.019781292708991],[-122.93281779300862,47.019789387711455],[-122.93286210241,47.019795364955698],[-122.93290294431438,47.019800893906009],[-122.93302562813106,47.019817477078959],[-122.93306650956131,47.019823004802113],[-122.93308624464981,47.019825687211345],[-122.93310753651866,47.019827322378532],[-122.9331490386848,47.019829737771495],[-122.9331905812751,47.019832124380514],[-122.9332321229671,47.019834539160819],[-122.93327362603155,47.019836954553448],[-122.93331516682525,47.019839341162111],[-122.93335225916162,47.019841328471557],[-122.9333983427357,47.019841725933446],[-122.93344003085311,47.019842024795381],[-122.93348168393618,47.019841556292555],[-122.93352334151086,47.019840319812502],[-122.93356500088217,47.019839083332457],[-122.93360636560605,47.019835795238492],[-122.93364773122825,47.01983253592816],[-122.93368913817295,47.019829274167925],[-122.93373054421937,47.019826012407506],[-122.93377195116405,47.019822751259319],[-122.93381714630431,47.019818916883722],[-122.93385390806071,47.019813284435877],[-122.93389444274126,47.01980672171787],[-122.93393612996032,47.01980345505671],[-122.93396595851935,47.019798737566468],[-122.93405666410851,47.019780499621582],[-122.93409719968739,47.019773936899547],[-122.93412051096902,47.019769686685279],[-122.93413693666399,47.019765691238668],[-122.93417617507562,47.019756194396379],[-122.93421549253895,47.019746667543657],[-122.93425476867981,47.01973711435506],[-122.93429404751562,47.019727616282871],[-122.9343301040945,47.019718258453899],[-122.93437048875641,47.01970526343991],[-122.93440811738704,47.019692973934902],[-122.93444574691594,47.019680712598493],[-122.93448333512238,47.019668424312655],[-122.934520963753,47.01965613602399],[-122.93457005578499,47.019640121130685],[-122.93605256795622,47.019097436943468],[-122.93603728042672,47.021714110891004],[-122.93603673604767,47.021809280296608],[-122.93603575508737,47.021976300956283],[-122.93603441030939,47.022207025507413],[-122.93603370064034,47.022330425379934],[-122.93603294875042,47.022453798634338],[-122.93603223728472,47.022577170991234],[-122.93603152671736,47.022700543675427],[-122.93603081704828,47.022823943631977],[-122.93603010468425,47.022947316358298],[-122.93602935459097,47.023070690024255],[-122.93602863953203,47.023193184634707],[-122.93602792087978,47.023317462220909],[-122.93602754358736,47.02338123382053],[-122.93602747890866,47.023391631443282],[-122.93602717976965,47.023437667185974],[-122.93602705580217,47.023461012972163],[-122.93602699202177,47.023471397719362],[-122.93602670725582,47.023523028095177],[-122.93602632277691,47.023587293639139],[-122.93602616018184,47.023614741685087],[-122.93602573348208,47.023686922103444],[-122.93602523401877,47.023767057814062],[-122.93602452345138,47.023891541659637],[-122.93602378862948,47.024017245676525],[-122.93602317597845,47.024120055840655],[-122.93602227945979,47.024268627715102],[-122.93602155182441,47.024392534763457],[-122.93602124190566,47.024445483291636],[-122.93602090503742,47.024505427465527],[-122.93602005523114,47.024647949920293],[-122.93601999953562,47.024656619197295],[-122.93601931501935,47.024774422511754],[-122.9360183771782,47.024927698579951],[-122.93601827207533,47.024945804945489],[-122.93601750760901,47.025076022037162],[-122.93601646107172,47.025251754320195],[-122.93601588794655,47.025353659490001],[-122.93119605544305,47.025372950012532],[-122.93093981370319,47.025373840994199],[-122.92605944552932,47.025377832959364],[-122.92642069224104,47.025463684326439],[-122.92660678184541,47.025488843028739],[-122.9266276065903,47.02549164211355],[-122.9266444500019,47.025494222586651],[-122.92676746439859,47.025512726792087],[-122.9268848975624,47.02553197929101],[-122.9269067544716,47.025535442168177],[-122.9270050903508,47.025552819623393],[-122.92704543818179,47.025559842739469],[-122.927125342428,47.025574975288805],[-122.927183475105,47.025585875840996],[-122.92724553341976,47.025598475678763],[-122.92732086254622,47.02561356780167],[-122.92736574597106,47.025623320179101],[-122.92745748102959,47.025642866568766],[-122.92748594055608,47.025649535731567],[-122.92759333235169,47.025673827251524],[-122.92760615939562,47.02567717805848],[-122.92772841381758,47.02570639473511],[-122.92784654048081,47.0257356989624],[-122.9278605937251,47.025739193668812],[-122.92796204136847,47.025767224794116],[-122.92799590426144,47.025776303554125],[-122.92808687395528,47.025802037109166],[-122.92812831323936,47.025813673051545],[-122.9282070622521,47.025837003102218],[-122.9282597116126,47.025852597899558],[-122.92832720114157,47.025873559352583],[-122.92839009488956,47.025893081768871],[-122.92844733104788,47.025911680138314],[-122.92851942623932,47.025935123431239],[-122.92856749509018,47.025951418730521],[-122.92864768769559,47.025978695939585],[-122.92882522444013,47.0260438011221],[-122.92888991751363,47.026067535835942],[-122.92895139461842,47.026091090508203],[-122.92902898390615,47.026121464912066],[-122.92907608437311,47.02614022118815],[-122.92920162932397,47.026191446669408],[-122.92925444397446,47.026214169104854],[-122.92930905795048,47.026237649618253],[-122.92936346531398,47.0262610247974],[-122.92941667522319,47.026285385234409],[-122.92946971714747,47.026309610943748],[-122.9295225569508,47.026333786429653],[-122.92954037413615,47.026341914730104],[-122.92957464127097,47.026358429737833],[-122.9296261928902,47.026383275109197],[-122.92972872749505,47.026432691485986],[-122.92977970958233,47.026457262491675],[-122.92982635011191,47.026479741712706],[-122.92988113207286,47.026506142997633],[-122.92993155181483,47.026530442088223],[-122.92998176224933,47.026554640743214],[-122.9300318082921,47.026578760394692],[-122.93008163873922,47.026602775324427],[-122.93013127874353,47.026626699004098],[-122.9301669544367,47.02664389301318],[-122.93018073549148,47.026650534495481],[-122.93021662588201,47.026667831982991],[-122.93022997125389,47.026674415901994],[-122.93024354120456,47.026681280885882],[-122.93031140353439,47.026715010594508],[-122.9311969573516,47.027155148792431],[-122.93144034779297,47.027276129519478],[-122.93309762091457,47.028099779120431],[-122.93392832180389,47.02851249590119],[-122.93448303957666,47.028788160344945],[-122.93639709432557,47.028836050433824],[-122.93719411737489,47.028855988143263],[-122.93847220442852,47.028887937080988],[-122.93919073178999,47.028853857886858],[-122.93919646663478,47.027527885656148],[-122.93919792370215,47.027172817805528],[-122.93919775751384,47.027150804865748],[-122.93919710623526,47.027131096146256],[-122.93919593662876,47.027111399666246],[-122.93919847886103,47.027091223717669],[-122.93922278727261,47.025341294127912],[-122.94707403321139,47.025307284927763],[-122.94737932655903,47.025305952433875],[-122.9498004847774,47.025295350655973],[-122.95004020021095,47.025296190200741],[-122.95030495708139,47.025297118537651],[-122.95052161815153,47.025297876638611],[-122.95057052243557,47.025298047486864],[-122.95125986892334,47.025300458345825],[-122.95280128003455,47.025305833636175],[-122.95308938681416,47.025306836680734],[-122.9552007421422,47.025314160497572],[-122.95784672352336,47.025323284649247],[-122.96060100040528,47.025332718040652],[-122.96060031678736,47.025168179370148],[-122.9605854963818,47.021691698252056],[-122.96058514603881,47.021609442965918],[-122.96058154648948,47.020763985076115],[-122.96057680338478,47.019648199619141],[-122.96056998696839,47.018050510364816],[-122.96584446043046,47.018059191737137],[-122.968472754882,47.018063468422518],[-122.96827273150927,47.017548579494928],[-122.96780448556574,47.016298871464599],[-122.96699097304108,47.01512855830287],[-122.96661114557601,47.014935074928665],[-122.96664434910554,47.014434014512823],[-122.9666455690177,47.014415034242042],[-122.96588596529155,47.014275892341054],[-122.96589293801479,47.013645457561289],[-122.96313002383141,47.013639550677816],[-122.96238768033511,47.013637977795447],[-122.96217698228186,47.013842958035397],[-122.96183113988062,47.014179399397776],[-122.96160021895368,47.014403773718094],[-122.9607160413555,47.014401781918899],[-122.96055448024998,47.014401418715657],[-122.96055341484802,47.01415456917136],[-122.96055218146115,47.013880293624105],[-122.96055133794312,47.013681415179647],[-122.96055111605922,47.013633444120963],[-122.96055089776863,47.013577628198547],[-122.96055055820543,47.013498975968595],[-122.96055000394493,47.013370631827677],[-122.96054958263504,47.013267256453332],[-122.96054912000268,47.013154143987926],[-122.96054705208088,47.012674159061007],[-122.96054670622949,47.012592340073944],[-122.96054634151349,47.012505478198698],[-122.96054491139557,47.01216444165307],[-122.96054128849001,47.011305431047148],[-122.96054089233299,47.011218431099167],[-122.96053892771747,47.010752159165165],[-122.95957753093744,47.010755167894018],[-122.95808380509649,47.01075982799324],[-122.95793344238928,47.010760296575789],[-122.95518858524144,47.010768805175942],[-122.95414635086566,47.010772019100031],[-122.95412594024408,47.010772082190236],[-122.95385124890491,47.010772926863623],[-122.95251290915026,47.010777036912977],[-122.95172422426342,47.010779451490308],[-122.95518203921796,47.003529266627936],[-122.95585106132243,47.003528003427974],[-122.9558705242214,47.003533571431753],[-122.95589029883573,47.003538967904454],[-122.95591022436706,47.003544142612171],[-122.95593029901873,47.003549066762375],[-122.95595044194235,47.003553742805522],[-122.95597073398628,47.00355816829132],[-122.95599113742132,47.003562372625012],[-122.9560116477559,47.003566326401405],[-122.95603222905739,47.003570033296285],[-122.95605291725835,47.003573489633958],[-122.9560736773246,47.00357669847758],[-122.956094543392,47.003579657989313],[-122.95611547952802,47.003582368781892],[-122.95613890220072,47.003585082024763],[-122.95615751798834,47.00358704604735],[-122.9561786203127,47.003589012520351],[-122.95619975228142,47.003590731499465],[-122.95622095162382,47.003592175417403],[-122.95624217971229,47.003593370616272],[-122.95626343564855,47.003594318934013],[-122.95628468080506,47.003595020370568],[-122.95630599513177,47.003595446133339],[-122.95633804432617,47.003595643393233],[-122.9567731056048,47.003594859254541],[-122.95757907138277,47.003593384706278],[-122.95886220068009,47.003591014524524],[-122.95932232226019,47.003590154422369],[-122.96054514495755,47.003587893897418],[-122.96228855932834,47.003584696081433],[-122.96439946190547,47.003583128416381],[-122.96504893307612,47.003582998543372],[-122.96576956339365,47.003582844166033],[-122.96601011426044,47.003582914616011],[-122.96600997681819,47.003514307324693],[-122.96600908299449,47.003322426122665],[-122.96600576192287,47.002609521130253],[-122.96600393564792,47.002198916147819],[-122.96600265554864,47.002056758319405],[-122.96599632242588,47.000768322374945],[-122.96599215334466,46.999905271851922],[-122.96599200512264,46.999877819582501],[-122.96598948265331,46.999399034394536],[-122.96598803816232,46.99905690756254],[-122.96598691975979,46.998974803045996],[-122.96598564505041,46.998722997430583],[-122.96598429488253,46.998464348974757],[-122.96598191614366,46.997999056262266],[-122.96597953830312,46.997533761948681],[-122.96597928677483,46.997485285631498],[-122.96597726376882,46.997095839485524],[-122.96597291861778,46.996247762055255],[-122.96597592258411,46.995338664975129],[-122.96597890858411,46.994426525624569],[-122.96598019137834,46.994110960719574],[-122.96598084894512,46.993843683059829],[-122.96598162508953,46.993528857947069],[-122.96605356936399,46.993529174112496],[-122.96638233209673,46.993530620140518],[-122.96669868011223,46.993532009797924],[-122.96678307862982,46.993532380495793],[-122.96714378635238,46.993533970513774],[-122.96754357078979,46.993535718001702],[-122.96790427761401,46.993537278608862],[-122.96826498533656,46.99353886556311],[-122.96862569485577,46.993540451904579],[-122.96898640078169,46.993542008835234],[-122.96922960437351,46.993543073136145],[-122.96934610778102,46.993543584147595],[-122.96974693336585,46.99354533224794],[-122.97010764198671,46.993546913074709],[-122.97046834881095,46.993548465103395],[-122.9708290565335,46.993550044704655],[-122.97115507581137,46.993550850436051],[-122.9711550668282,46.99318146757426],[-122.97115506503158,46.993096195413301],[-122.97115506413326,46.993014201219978],[-122.97115505694673,46.992628413598553],[-122.96925557377004,46.992624286834406],[-122.96851117492842,46.992622661250778],[-122.9685107221775,46.991536450890976],[-122.96851048142901,46.990957818284357],[-122.96850981847233,46.989370965468623],[-122.96850979062454,46.989303856539031],[-122.96850970079302,46.989089582543592],[-122.96850963252105,46.988925198751886],[-122.96848215305651,46.988925142376459],[-122.96819796472819,46.988924549821554],[-122.96800263325616,46.988924143550733],[-122.96743958720238,46.988922969470849],[-122.96738483398748,46.988922854881615],[-122.96731846196273,46.988922716394143],[-122.96631616219291,46.988920220555144],[-122.96630382023922,46.988914549920338],[-122.96626259924578,46.988895611441755],[-122.96640555085189,46.988749598157376],[-122.96643110690937,46.988711576684821],[-122.96645047138107,46.988670058475741],[-122.96646317773859,46.988626043785828],[-122.96646891986067,46.988580593015939],[-122.96646755940824,46.988534801164931],[-122.96645912915731,46.988489771448982],[-122.96644383220925,46.988446588722923],[-122.96642203709779,46.988406293343964],[-122.96639426891022,46.988369856107397],[-122.96646942556016,46.988350467653063],[-122.96645258466822,46.988323581413908],[-122.96643279226286,46.988298787338238],[-122.96640092491221,46.988267696710992],[-122.96636564529369,46.988240539692399],[-122.96632743604971,46.98821768780374],[-122.9662917395987,46.988200446190227],[-122.96625479737753,46.988186066268625],[-122.96620228995084,46.988163491877103],[-122.96570386600368,46.987943454943576],[-122.96546562655432,46.987837828972296],[-122.96522505704628,46.987737623219779],[-122.96498228077697,46.987642889043798],[-122.96488668835265,46.987606451852066],[-122.96459638040236,46.987532566148182],[-122.96430547566888,46.987461066223098],[-122.9639574440733,46.987378819492335],[-122.96364071966367,46.98730705204472],[-122.96422988064107,46.986095604948616],[-122.96434369359433,46.985861305505452],[-122.96438557125624,46.985775089577068],[-122.96457793738951,46.985379062842263],[-122.96487419368536,46.984769185541566],[-122.96468381732045,46.984725947714466],[-122.9659331645732,46.982154147516511],[-122.96612379066976,46.981761723918801],[-122.9669225851968,46.980062695239972],[-122.9669483336078,46.980007913713486],[-122.96769235964861,46.978424969712307],[-122.96780081774443,46.974507899614423],[-122.96652249623052,46.974508754055307],[-122.96596945022247,46.974509100980342],[-122.96594745048115,46.974509105883875],[-122.96508307983669,46.974509666725595],[-122.96464905162065,46.974509956647076],[-122.96332865301883,46.974510798216123],[-122.96200825262035,46.974511596266282],[-122.96068829419302,46.974512397381154],[-122.96001967453377,46.974512809278039],[-122.95868323830918,46.974513632458745],[-122.95801497887437,46.974514025354416],[-122.95667858307397,46.974514824017483],[-122.95534210552687,46.974515581613439],[-122.95534140124767,46.974499247940258],[-122.95535157287163,46.97350020216021],[-122.95525436707305,46.973480222329151],[-122.95473451740803,46.973373303504118],[-122.95391496371309,46.973204773154805],[-122.95360534587567,46.973141096719665],[-122.95217028181942,46.97284598998678],[-122.95072126063857,46.972548114704885],[-122.95002426589446,46.97240479550053],[-122.94930161706246,46.972253994642649],[-122.94929096124655,46.972261897633729],[-122.94909773093401,46.972404899704713],[-122.94786987677273,46.973295458187707],[-122.94646978592711,46.974311190906484],[-122.94635678325426,46.974393332088667],[-122.9457088733556,46.974873638282233],[-122.94447967172141,46.975784919179326],[-122.94333235242368,46.976634572897673],[-122.94325045212092,46.976695534855445],[-122.94270468067003,46.977100532755941],[-122.94243133860046,46.977303074072495],[-122.94213046496399,46.977526012177485],[-122.94153367189995,46.977968221670089],[-122.94095739096709,46.978395220914365],[-122.94039716652163,46.978810322345637],[-122.93983706694198,46.97922466670245],[-122.9387286941034,46.980038259783484],[-122.93858729209114,46.980142455752684],[-122.93822104266162,46.980411525332123],[-122.93801871511018,46.980560148327228],[-122.93785588199017,46.980682097543045],[-122.9378352117555,46.980698146794175],[-122.93769635556878,46.980805956795272],[-122.9375401699819,46.980931670912561],[-122.93747200851308,46.980988555466766],[-122.93738736834869,46.98105923988178],[-122.9372379821102,46.981188582178625],[-122.93709205258894,46.981319697790163],[-122.93702545059544,46.981381834167735],[-122.93694965434506,46.981452528481455],[-122.93668447436811,46.981714091297562],[-122.93567945899119,46.981722402893347],[-122.93547766593733,46.981723787954877],[-122.93414666272358,46.981734469474837],[-122.93412919408455,46.98119834634641],[-122.93412311698164,46.981010599080932],[-122.93411310256288,46.979840231662081],[-122.9341143098986,46.979400298586931],[-122.93411437727225,46.979375558836274],[-122.93411471144555,46.979253636671892],[-122.93411513365372,46.979099667490438],[-122.93431103735257,46.979099069923521],[-122.93431305137547,46.979099063181707],[-122.93446847159771,46.979098589418399],[-122.93449999258269,46.979075734776075],[-122.93543869073208,46.978395086076972],[-122.93563078467582,46.978255792126596],[-122.93574229075541,46.978174670000669],[-122.93573315848224,46.978167513169609],[-122.93572418071929,46.978160215370586],[-122.93571539878906,46.978152832990389],[-122.93570681179328,46.978145336609742],[-122.93569842152853,46.978137754421994],[-122.93569022619819,46.978130058846652],[-122.93568222580224,46.978122250496547],[-122.93567442303568,46.97811438269391],[-122.93566681520356,46.978106402116467],[-122.93565940500079,46.978098336344623],[-122.93565218973242,46.978090183539635],[-122.93564521072098,46.978081944927297],[-122.93563843023723,46.978073646862306],[-122.93563188421373,46.978065236022246],[-122.93562553581961,46.97805676634232],[-122.93561938505489,46.978048237822577],[-122.93561346964873,46.978039595914701],[-122.93560779319445,46.978030921521693],[-122.93560231257288,46.978022160708157],[-122.93560116003438,46.978020220261911],[-122.9355970700049,46.978013341667506],[-122.93559202506627,46.978004464399724],[-122.93558721728286,46.977995554646689],[-122.93558264845133,46.97798655847302],[-122.93557831587671,46.977977503459236],[-122.93557422225398,46.977968415960071],[-122.93557032626059,46.977959270846611],[-122.93556666921907,46.977950093247735],[-122.93556324933276,46.977940856808637],[-122.93556322328163,46.977940780195823],[-122.93556010972085,46.977931615464705],[-122.93555716773828,46.977922314667651],[-122.93555446380928,46.977912983223824],[-122.93555200062879,46.977903619294509],[-122.9355497746035,46.977894223492619],[-122.93554778753011,46.97788479581812],[-122.93554604120519,46.977875364464531],[-122.93554453293382,46.977865900625389],[-122.93554326541097,46.977856431881357],[-122.9355422386366,46.97784696068404],[-122.93554144991577,46.977837456388279],[-122.93554090104514,46.977827947800435],[-122.93554063334717,46.977818461888404],[-122.9355405641769,46.97780894410365],[-122.93554137894888,46.977525018041973],[-122.93554385560411,46.976667753784874],[-122.9355450359904,46.976256924946831],[-122.93554532345127,46.97615676424531],[-122.93538578625007,46.976156417330969],[-122.9326783142894,46.976154270262008],[-122.93236444921735,46.97584166149398],[-122.93236586586055,46.975389222360697],[-122.93236789245984,46.97472587108026],[-122.93236808469931,46.974662946081921],[-122.93169908774765,46.974661959861443],[-122.93170607933548,46.974642109794857],[-122.93193083602296,46.973880885288587],[-122.93216555862018,46.973085929906588],[-122.93242041875111,46.972222605786989],[-122.93288468066638,46.970649699439512],[-122.93179774163043,46.970178936365969],[-122.93239301205008,46.968160887654804],[-122.93262853145298,46.967362387343456],[-122.93265543689407,46.967270617004907],[-122.93303272212687,46.965974500862792],[-122.93342154711782,46.964635264152804],[-122.93322453759286,46.964608482840816],[-122.93430508870875,46.96088925448128],[-122.93433218099941,46.960795987499026],[-122.93455461913513,46.960030561101142],[-122.9372147238292,46.960030326280886],[-122.93818397547805,46.960030223278785],[-122.93959301264559,46.9600300583528],[-122.94223621553759,46.960029882390877],[-122.94485602719789,46.960029648183735],[-122.94485801696624,46.959111214126516],[-122.94471550733125,46.959111227615118],[-122.94471606069347,46.958805286252463],[-122.9447164505623,46.958599432679911],[-122.94471715573981,46.95820912441652],[-122.94485994295422,46.958209104796389],[-122.94486389823641,46.956386775901358],[-122.94614505393507,46.956386480976498],[-122.94732285666363,46.956386197701399],[-122.94740017106687,46.956386175628047],[-122.94740043606988,46.955494937664241],[-122.94740060225821,46.955028422280876],[-122.94740074868359,46.954562345539536],[-122.94740075946339,46.954552851208646],[-122.94741305650132,46.954552837105716],[-122.94748604371982,46.95455282361597],[-122.94800632367789,46.954552693623818],[-122.94800744118209,46.953958807123378],[-122.94800859282229,46.953355096340779],[-122.94800961780003,46.952826354800081],[-122.94881078477776,46.952825714629434],[-122.95001151341069,46.952824778287891],[-122.95025300391525,46.952655024260835],[-122.95025778205425,46.952387273205595],[-122.95027351245321,46.951505946107424],[-122.95028029832685,46.951125564253175],[-122.95028328522515,46.950958146078619],[-122.95031583208622,46.949134952726858],[-122.95034791092502,46.947338140138591],[-122.95034891344486,46.947283290749411],[-122.95038051078669,46.945525850142623],[-122.95038051437993,46.945525659414457],[-122.95026049586473,46.945525938454054],[-122.95023740646698,46.945525950719556],[-122.9501396850354,46.945526016339834],[-122.94893176718526,46.945526771280036],[-122.94761916416347,46.945527612691805],[-122.94760189944202,46.943716951638578],[-122.94756222804243,46.941891818269269],[-122.94494484812161,46.941904428648513],[-122.94491524953131,46.940514152785433],[-122.94491118824791,46.940324035685592],[-122.94482977034043,46.940291196573433],[-122.9447767356027,46.940269862977097],[-122.94461190642618,46.940195522537095],[-122.94444726320089,46.940125293183719],[-122.94432648830418,46.940095110308469],[-122.94420842631968,46.940130364243672],[-122.9441003293466,46.940120314737001],[-122.94399043484464,46.940087157178411],[-122.94390475353285,46.940030338908386],[-122.9437644932793,46.939967820218939],[-122.94367292261251,46.939924671902993],[-122.94346025994371,46.939886206392011],[-122.94344980535045,46.939884314855966],[-122.94309513969648,46.939846750310927],[-122.94280594954866,46.939795620510424],[-122.94247492306138,46.939749321941143],[-122.9422394377945,46.939701167363097],[-122.94210649431898,46.939688429503313],[-122.94208666400907,46.939760541156723],[-122.94146253880417,46.941901886456165],[-122.94187323238241,46.941902209060054],[-122.94140969361095,46.943486784736166],[-122.93976925851106,46.943480009027546],[-122.93968053370709,46.943783119955135],[-122.93964695019018,46.943897894100218],[-122.93916868803123,46.945532287065141],[-122.93916861257274,46.945532274799682],[-122.93666133196977,46.945533576166738],[-122.93440754965177,46.945534683739211],[-122.92900121787902,46.945537106170697],[-122.92897568596202,46.949165675669171],[-122.92897510295539,46.94924725756659],[-122.92896659590966,46.950459652954393],[-122.92896297030917,46.950979642822524],[-122.92895813827124,46.951669311746102],[-122.92895060949087,46.952711346550366],[-122.92895022052035,46.952875757677184],[-122.92895179616534,46.953424248144756],[-122.92894816786993,46.954191573007691],[-122.92894575499507,46.954602961929552],[-122.92894359095355,46.955427462464073],[-122.9289424698561,46.955721880459265],[-122.92894135414848,46.956411949359953],[-122.92906833730211,46.95641193157865],[-122.9290683067594,46.95649394757627],[-122.92906829867455,46.956515356255906],[-122.92906822231775,46.956720973201158],[-122.92906787826301,46.957645873329241],[-122.92906766176901,46.958226626782242],[-122.92906739946096,46.958934255031821],[-122.92906724135747,46.959356975880929],[-122.92906702127021,46.959948346359063],[-122.92894752018459,46.959948341454201],[-122.92893853254017,46.961046456223848],[-122.92893659936568,46.961286522035792],[-122.92893439669663,46.961552652309869],[-122.92892915682356,46.962198084718175],[-122.9289268840859,46.962472446571589],[-122.92892233052571,46.962958077084402],[-122.92891890524956,46.96297047344261],[-122.92891827014064,46.963240041411964],[-122.9289203551304,46.963250756664692],[-122.92891734936747,46.963651674046339],[-122.92891267543305,46.964224236819867],[-122.92890795927782,46.964797650513539],[-122.92890392135061,46.965251751719691],[-122.92890016100282,46.965705792058124],[-122.92889636292581,46.966159860420682],[-122.92888774898056,46.967189436528486],[-122.92806394715261,46.96718910672066],[-122.92724049027774,46.967189155149683],[-122.92671979619635,46.967188908100361],[-122.92607896681875,46.96718858319673],[-122.92593815410132,46.9671885041164],[-122.92372414289589,46.967187360823495],[-122.9236952494831,46.967187337528536],[-122.92236871628621,46.967186772318819],[-122.92232467727771,46.967186738602429],[-122.92188384881496,46.967186545499302],[-122.92103300679865,46.967186165423371],[-122.91838375195658,46.967184966958079],[-122.9172447097359,46.967153462330721],[-122.915490898264,46.967099388498305],[-122.91300102341796,46.967022578648894],[-122.91311288433208,46.963645553192897],[-122.91313210738085,46.96010959430572],[-122.91243215538283,46.960109390141163],[-122.91202311739966,46.960109268746024],[-122.91181115272187,46.960109204982928],[-122.91047673052012,46.960107541010984],[-122.91047650144972,46.960070183172476],[-122.91047254616751,46.959423122411629],[-122.91047106484562,46.959121437872362],[-122.91047050699183,46.959086477251944],[-122.9104855151453,46.959086165174583],[-122.91048813463266,46.958815334090843],[-122.91048974800691,46.958652154583341],[-122.91049081251052,46.95853953777803],[-122.91049428180412,46.958182779500945],[-122.91104611957812,46.958182659940846],[-122.91109419292054,46.958182645225726],[-122.91147476868224,46.9581825808472],[-122.91158693682019,46.958182544672582],[-122.91185534444394,46.958182487038492],[-122.91211573729871,46.958182431243735],[-122.91223592020563,46.958182420207415],[-122.91254438550452,46.958182347245113],[-122.912616495069,46.95818232394619],[-122.91302411101908,46.958182239334427],[-122.9131443289603,46.958182143686308],[-122.91314613906559,46.957899754779156],[-122.91314680561553,46.957789997883872],[-122.91314758175993,46.957740117006971],[-122.91315034048617,46.957298675902678],[-122.91315590195609,46.956415053121013],[-122.91315947725091,46.955839724216148],[-122.91316398230205,46.955110653166955],[-122.91344235044569,46.955073558566184],[-122.91402903297121,46.954995424794539],[-122.91546578496191,46.954804048169962],[-122.9156939714171,46.954773651603773],[-122.91588590546071,46.954748083720453],[-122.91591016564709,46.954825475517964],[-122.91593950042009,46.954901089789495],[-122.91597378085112,46.954974594204423],[-122.916012856275,46.955045665705136],[-122.91724635185625,46.954797792633727],[-122.9184641673442,46.954797695753236],[-122.91847639072027,46.95293090976967],[-122.91847667009633,46.952889734108098],[-122.9184783203015,46.95272529236464],[-122.91847869669562,46.952697874116424],[-122.91762669585258,46.952697828127043],[-122.91755022766235,46.952697823834711],[-122.91657711325779,46.95269776190235],[-122.91657672698221,46.952725179537424],[-122.91585903415564,46.952725025626371],[-122.91583561956776,46.95272502010765],[-122.91523568240019,46.952724877847253],[-122.91435818197952,46.952724578609839],[-122.91317936595132,46.95272428550431],[-122.91197384750126,46.952724086217103],[-122.91185367088258,46.952724118103056],[-122.9117334906706,46.952724094188589],[-122.91052869356773,46.952723865468194],[-122.91021318278206,46.952723816412878],[-122.90989675032492,46.952723729952872],[-122.90926376593468,46.952723611606942],[-122.90863987608839,46.952723493874196],[-122.90786823224251,46.952723202608261],[-122.90523573277713,46.952712890566758],[-122.90287801538072,46.952703584770788],[-122.90279790631863,46.952703700050812],[-122.90257806251746,46.952702414801038],[-122.90221697301091,46.952700989130349],[-122.90178501181835,46.952699443887269],[-122.90177736715529,46.95481025035992],[-122.90177155505538,46.956392447533652],[-122.89990865037873,46.956385291466475],[-122.89859328054588,46.956380212135898],[-122.89742484994065,46.956375848350419],[-122.89726384668893,46.95637505370857],[-122.89612959428531,46.956369883630899],[-122.89526408817034,46.956365922070788],[-122.89503170119283,46.956365235956255],[-122.89350503682536,46.956358041257026],[-122.89197736903971,46.956350792599643],[-122.89198156507041,46.955459562630779],[-122.89198436781409,46.954858633548433],[-122.89198912259688,46.953844529150295],[-122.89199472089774,46.95265218211479],[-122.89067351291384,46.952644822580801],[-122.88975188814473,46.952639665632965],[-122.88935218635231,46.952637555024666],[-122.88923197380099,46.952636875607467],[-122.88803085529923,46.952630107188924],[-122.88683174722705,46.952623588338959],[-122.88671230363363,46.952622642795973],[-122.88591564260537,46.952626754865392],[-122.88540292286872,46.952629398338388],[-122.88453386751006,46.952634243785475],[-122.88409332740652,46.952636527927325],[-122.88276469215185,46.952643187196806],[-122.88143505527563,46.952649824390519],[-122.88111446361872,46.952651538262934],[-122.8761583620765,46.952676697535694],[-122.87614114496576,46.957286132303174],[-122.87613953698141,46.957709027427349],[-122.87597596364962,46.957830694597071],[-122.87613750589054,46.957955989389241],[-122.87630081062605,46.957834176578835],[-122.87727788570271,46.9578292304356],[-122.87860788459996,46.957822497622388],[-122.87860169430937,46.958989385552464],[-122.87858052730633,46.959543717027287],[-122.87850587910283,46.959590022388696],[-122.87844159835605,46.959587998503423],[-122.87854278908121,46.959651753611517],[-122.87842224325493,46.959727783744086],[-122.87876013466759,46.959989539887594],[-122.87865323245384,46.959990101494682],[-122.87689766208061,46.959999495537367],[-122.87684847123397,46.959999758560706],[-122.87614494304279,46.960003515073694],[-122.8761309850199,46.960003589872862],[-122.87603455536572,46.960004095073884],[-122.87539944286658,46.960007423637222],[-122.87520997739338,46.960008416259029],[-122.87520997290183,46.960009809240326],[-122.87520982108653,46.960054675848276],[-122.87520719441264,46.960830798019472],[-122.87611129574552,46.960826146440631],[-122.8761279002052,46.960826061219905],[-122.8761241147046,46.961845841697084],[-122.87612365566549,46.961969566171383],[-122.87612356134238,46.961994959553465],[-122.87612286963963,46.96218119121685],[-122.87612243126179,46.962299579265775],[-122.87612238275273,46.962312443557821],[-122.87612216985202,46.962365413165735],[-122.87612216446213,46.962366762556911],[-122.8761226100265,46.96236663013142],[-122.87630783185831,46.962329194782789],[-122.876310617534,46.962329309429023],[-122.8764860594073,46.962336537044813],[-122.87669740245096,46.962365004853801],[-122.87682122173813,46.96238359775694],[-122.87705862490817,46.962440419889916],[-122.87707420618676,46.962452584623811],[-122.87713368633668,46.962499022345177],[-122.87736906111078,46.962682784004713],[-122.8777850439694,46.963047095992415],[-122.87804503797217,46.963514253237904],[-122.87814204164981,46.963688545675204],[-122.87829298287208,46.96387612937923],[-122.87832200384564,46.96391219467521],[-122.87839296087162,46.96400037455259],[-122.87853138766361,46.964198185456446],[-122.87859018150066,46.964280500340273],[-122.87862731156631,46.96435084820255],[-122.87867871406516,46.964448234249005],[-122.87875246036012,46.964587299325373],[-122.87894748909987,46.964894041989396],[-122.87896883846091,46.965019818038087],[-122.87898427780569,46.965110776882298],[-122.87894834429603,46.965210937428367],[-122.87890341775201,46.965336165281094],[-122.87865612323242,46.965490440766679],[-122.87816446180268,46.965696536952009],[-122.87790987206465,46.965807062934381],[-122.87743533432085,46.966012994218374],[-122.87733040750243,46.966053982613758],[-122.87730588439348,46.966063561342388],[-122.87717268040652,46.966122484125897],[-122.87669617714889,46.966302084312574],[-122.87665685249901,46.966317351355066],[-122.87612428179125,46.966519929834433],[-122.87586584995876,46.966601835931264],[-122.87540629431724,46.966742649903303],[-122.87512601186377,46.96682853115751],[-122.87507961747261,46.966842746703925],[-122.87504652353753,46.966852836557933],[-122.87494847422091,46.966881916831987],[-122.87484203104628,46.966913191120454],[-122.8747853635215,46.966918522018979],[-122.87468363740044,46.96692819499922],[-122.87456280860482,46.966914227752227],[-122.8745240094694,46.966895291288346],[-122.87449512683638,46.966881735988373],[-122.87445230145184,46.966861642113429],[-122.87437322006242,46.966794693127305],[-122.87434157960149,46.966713050929187],[-122.8743621043091,46.966633076053711],[-122.87443120272074,46.966490769669278],[-122.8744551850439,46.966443306741446],[-122.87457778711386,46.966206209711899],[-122.87459067254831,46.966181228450623],[-122.87460387329141,46.966019225761016],[-122.87457692922278,46.96596691878851],[-122.8745030562654,46.965829166141702],[-122.87447386730685,46.965801410078249],[-122.87440699851375,46.965740622066491],[-122.87425597734145,46.96567789922203],[-122.87407497848977,46.965662427853673],[-122.87403118741632,46.965667211429349],[-122.87396428628385,46.965674128394397],[-122.87393934186501,46.965676196188554],[-122.8737973873889,46.965728498541004],[-122.87379068955015,46.965736577826434],[-122.87378263974688,46.965746289029028],[-122.87370976661441,46.96583180099298],[-122.87366654597112,46.965942418038821],[-122.87377018999535,46.966375272772872],[-122.8737746654021,46.966483724685745],[-122.87377532566381,46.966502525814896],[-122.87374179874081,46.966651346857816],[-122.87364412491996,46.966768872289109],[-122.87350987529402,46.966935928968354],[-122.87328691972871,46.967242270120188],[-122.87333798266438,46.967242810195231],[-122.8733871303919,46.967242948738914],[-122.87329400653796,46.967311866811031],[-122.87321239100115,46.967369991288763],[-122.8731641757249,46.967508151918487],[-122.87311610238245,46.967640805428459],[-122.8731406120167,46.967790998918666],[-122.87317316336933,46.967990479149059],[-122.87320934661065,46.968212204916476],[-122.87295799889249,46.968510901261389],[-122.872041701133,46.968724537456531],[-122.87192344780732,46.968978625637789],[-122.87192342624775,46.968978671613179],[-122.87178905085764,46.969267399946581],[-122.87309968746727,46.969363848959254],[-122.87327929123531,46.96962074837657],[-122.87308219277712,46.970242020501082],[-122.87233333290176,46.970345225966042],[-122.87222473736369,46.970444522818141],[-122.87206392724976,46.970591988613819],[-122.8719692690733,46.970678790522037],[-122.87195100183202,46.970695700342425],[-122.87173246328294,46.970898000496305],[-122.87168610302777,46.970937358905317],[-122.87148807660991,46.970990812810776],[-122.871188902586,46.970931135904351],[-122.87118211761066,46.970918019296981],[-122.87116355482365,46.970901482853577],[-122.87115137277007,46.970885987250732],[-122.87110413036929,46.970825897689117],[-122.87092052999655,46.970790833154005],[-122.87079294407337,46.970766467018542],[-122.87073409094755,46.970795109333004],[-122.8706649107892,46.970862368998603],[-122.8706229693469,46.970906319290251],[-122.87061752106469,46.970914190605384],[-122.87054818370117,46.971029522616867],[-122.87052638338588,46.971065784760917],[-122.87050710104829,46.971101528298576],[-122.87026899449739,46.971336830896689],[-122.87024226692274,46.971367576645513],[-122.87019978828789,46.971404111948225],[-122.87013705084678,46.971435577293413],[-122.87006254098385,46.971472771499528],[-122.8700005248899,46.971520680501911],[-122.86990719891502,46.971585693926642],[-122.8698726083867,46.97161932357939],[-122.86973680377699,46.971720870744569],[-122.86962709971789,46.971777990059138],[-122.86957673297653,46.971817430571853],[-122.86940441095219,46.971908755447686],[-122.86927845097969,46.971960723766593],[-122.86914484364917,46.972021078082328],[-122.86902677088486,46.972070139589654],[-122.86881452683097,46.97216502783381],[-122.86868952805584,46.972238919927563],[-122.86858891315073,46.97232054020607],[-122.86846887936417,46.972416275124701],[-122.86837615166728,46.972494990292077],[-122.86829008497823,46.972568050137788],[-122.86828101199386,46.972576806328277],[-122.8682682487303,46.97259321904793],[-122.86825149335361,46.972622366691866],[-122.86824579174652,46.972635361514563],[-122.86823874176817,46.972651431569894],[-122.86822769249017,46.97267360427864],[-122.86822064610507,46.972695694228214],[-122.86820948543601,46.972726512751329],[-122.86820512411528,46.972738373568838],[-122.86820006839686,46.972751644809151],[-122.8681955040569,46.97276204615909],[-122.86818727009901,46.972778650065926],[-122.86817993984629,46.972791579876734],[-122.86817558840707,46.972798784625333],[-122.86816602404421,46.972812923803794],[-122.86816043382824,46.972821524262038],[-122.86815396505988,46.972832533655662],[-122.86814888149365,46.972841184373571],[-122.86814341704178,46.972853640963493],[-122.86813625028245,46.972872990292231],[-122.86812908442141,46.972892340839898],[-122.86811451105258,46.972925557761968],[-122.86810394237325,46.97295869313978],[-122.86809677651225,46.972978042430498],[-122.8680896097529,46.972997391714223],[-122.86808062210847,46.973020893174294],[-122.86807527713255,46.973036090260663],[-122.86806531661266,46.973058791792994],[-122.86806056901639,46.973068381526389],[-122.86805353880098,46.973081774050527],[-122.86803836356087,46.973108171086444],[-122.86801930580214,46.973130507878452],[-122.86800437131053,46.973155503056972],[-122.86796249185198,46.973205740400537],[-122.86794743788448,46.973227995015606],[-122.86792849960162,46.973253072897627],[-122.86791864148971,46.973266694008153],[-122.86791338544697,46.973273956923535],[-122.86790811682783,46.973281236387798],[-122.86789827129233,46.973294841554264],[-122.86788698036752,46.97331153294833],[-122.86788066880435,46.973324623837556],[-122.86787550618638,46.973332077987166],[-122.86786833044391,46.973341307866889],[-122.86786296031514,46.973348500282341],[-122.86785191822366,46.973364649194579],[-122.86783982061172,46.973380191276775],[-122.86783342550521,46.973387500761362],[-122.86775769662847,46.973470549920883],[-122.86771945983838,46.973512482679105],[-122.8676677501157,46.973567036712495],[-122.86765344983468,46.973578380011787],[-122.86764387559037,46.973585615302014],[-122.86762696839841,46.973596677865189],[-122.8675841259459,46.973624990121721],[-122.86753727970212,46.973653384498768],[-122.8674904334584,46.973681778247816],[-122.86744358631633,46.9737101725947],[-122.86740851159605,46.973732838902706],[-122.86737317366941,46.973757238624877],[-122.86736090088598,46.973765262145022],[-122.86735886081199,46.973766595924907],[-122.86734981387875,46.973772399337932],[-122.86733540490162,46.973781968716018],[-122.86731517933299,46.97379784902531],[-122.86730435643042,46.973805716850123],[-122.86729510647795,46.973812439683591],[-122.86728068761933,46.973822919897692],[-122.86727162092316,46.973829509718989],[-122.86724280476547,46.973850454814709],[-122.86722271843576,46.973862461264901],[-122.86721207699287,46.973868547237103],[-122.86719439185987,46.973877753732147],[-122.86718046527804,46.973884862714407],[-122.86716110568537,46.973894282512838],[-122.8671519752088,46.973899816827554],[-122.86714050911252,46.973906766440223],[-122.86712014520334,46.973919812438474],[-122.86709672163229,46.973934009550632],[-122.86707742222673,46.973950865015325],[-122.86705411813165,46.973967802609749],[-122.86702693061955,46.973987563436253],[-122.86698432801721,46.974021356461527],[-122.86695337746241,46.974046680989218],[-122.86692242600928,46.974072004891958],[-122.86690713129327,46.974088778178341],[-122.86688529145208,46.974105878159897],[-122.86687506592921,46.974114985316795],[-122.86684923307659,46.974139344410183],[-122.866822286313,46.974164586134336],[-122.86679271377385,46.974195061174456],[-122.86677896685505,46.974206571674593],[-122.86676450847057,46.974217892772145],[-122.86672578928517,46.974248863654246],[-122.86668719047405,46.974282573766928],[-122.86667091030615,46.974292721673137],[-122.86665734305043,46.974301316989852],[-122.8666430598374,46.974311007023267],[-122.8666306936292,46.974319395774899],[-122.86661150561473,46.974329563288336],[-122.86658752778318,46.974341728996286],[-122.86656163743838,46.974351983543436],[-122.8665481097085,46.974355381702537],[-122.86652964932942,46.974359238343212],[-122.86650436444911,46.974363138502547],[-122.86648646641538,46.974366249190503],[-122.86646244187145,46.974366742609945],[-122.86643453301217,46.974370059246681],[-122.86639861477386,46.974373540152015],[-122.86636658174915,46.974374197840199],[-122.86633454962275,46.974374856141338],[-122.86628959612931,46.974375779233974],[-122.86627048357332,46.974376171517662],[-122.86624039270625,46.974375418210329],[-122.86622597115267,46.974373611253412],[-122.86620865522725,46.97437135623484],[-122.86618797870436,46.974368265161381],[-122.86616966025909,46.974361783897486],[-122.86615457125725,46.974358374705808],[-122.86614329829875,46.974355004129315],[-122.86611973638718,46.974344765519277],[-122.86610629579388,46.974338287317302],[-122.86609468866212,46.974332415315914],[-122.86607830428962,46.974323269580566],[-122.86606751462475,46.974317248019226],[-122.86605798619453,46.974311792204588],[-122.86604019506032,46.974301604460642],[-122.86602612744299,46.974294049923316],[-122.86600188730336,46.974282935404119],[-122.86595664095913,46.974256432295704],[-122.86590132450056,46.974228765191597],[-122.86589039829178,46.974224784113709],[-122.86587281466839,46.974218378224677],[-122.8658568587923,46.974215097742324],[-122.86584453480492,46.974212728096326],[-122.86582634751369,46.974209731407278],[-122.86580630789634,46.974207619197983],[-122.86578201295947,46.974204013241035],[-122.86575736767966,46.974197593251802],[-122.86571715459597,46.974187285348805],[-122.86568063718134,46.974177062643228],[-122.86564824393218,46.974169498281192],[-122.86561985447428,46.974161851783329],[-122.86559947439542,46.974154041014884],[-122.86557520910297,46.974149052861307],[-122.86555082433459,46.974141324225783],[-122.86547754965518,46.974115397216693],[-122.86539898569538,46.974093113549472],[-122.8653875681081,46.974089580525458],[-122.8653708405792,46.974084279150119],[-122.86535969248654,46.974081203383719],[-122.86534361264295,46.97407700040813],[-122.86530721560258,46.974069518166779],[-122.86530845707429,46.974006400543537],[-122.86491084925483,46.974008812492073],[-122.86446587506704,46.974075816807975],[-122.86396079370529,46.974256256993527],[-122.8635004735975,46.97445223588911],[-122.86342422190124,46.974538590214337],[-122.86333334024224,46.974640252585822],[-122.86315014680636,46.974979317814942],[-122.86291582036621,46.975340835059043],[-122.86278313201221,46.975643193070198],[-122.86278519813735,46.975928519239069],[-122.86287756021991,46.976133516687696],[-122.86317601918488,46.976284347058879],[-122.86322729681791,46.976311348692981],[-122.86329976391188,46.976349507922819],[-122.86341074717197,46.976407948652692],[-122.86345362555713,46.976418528264077],[-122.86381116312505,46.976506746365054],[-122.86382993342292,46.976511129347855],[-122.86406391131672,46.976565767969568],[-122.8645053632103,46.976649453304752],[-122.86463631062925,46.976712564743849],[-122.86467573589046,46.97673156699156],[-122.86470413882309,46.97677341567497],[-122.86472179790496,46.976799433332666],[-122.86474259390378,46.97683007358421],[-122.86472006685142,46.976866883418516],[-122.86469395911431,46.976909548397828],[-122.86468551315401,46.976913157236915],[-122.86457117468632,46.976962008317322],[-122.86422052719664,46.977047680095339],[-122.86419366577302,46.977060748005123],[-122.86409805448406,46.977107267433475],[-122.86405222872649,46.977250892136006],[-122.86405388971143,46.977254182851645],[-122.86410929510322,46.977363867331086],[-122.86432869603496,46.977472876161116],[-122.86434371676482,46.977480339538999],[-122.86437613786174,46.977487561430259],[-122.86475424595133,46.97757179264849],[-122.86528867078184,46.977639295082923],[-122.8655485219525,46.977715588329659],[-122.86555985419983,46.977715532555322],[-122.86591500674066,46.978148167595222],[-122.86590121760105,46.978191048518639],[-122.86584010880553,46.97838108505055],[-122.86580104466708,46.978477588723905],[-122.86573288679155,46.978645963942014],[-122.8656822568438,46.97877103653601],[-122.86546376500712,46.978897519100798],[-122.86543401639818,46.978914740122882],[-122.86528239245634,46.979002512211743],[-122.86528175285585,46.97905167089263],[-122.86528155432816,46.979066890780757],[-122.86509313269733,46.979364316054273],[-122.86495592761408,46.97958236885038],[-122.86491212126926,46.979651986869676],[-122.86486132513322,46.979770859040464],[-122.86476580098085,46.979994400348112],[-122.86474278165169,46.980048267474039],[-122.8646323041431,46.980367618398738],[-122.8646594521293,46.980513771637909],[-122.86476847346881,46.980634581018421],[-122.86491853164713,46.980745083487008],[-122.86506734925206,46.980827216011939],[-122.86527223520542,46.98093658182492],[-122.86527221813742,46.980952789119613],[-122.8653102662813,46.980976989429827],[-122.8653674188963,46.981125851709344],[-122.86540324101487,46.981219157402833],[-122.86545553733744,46.981355370123744],[-122.8654261363765,46.981388232457121],[-122.86527085269817,46.981561795570407],[-122.86526983580528,46.981576913622014],[-122.86526897971082,46.9815896494801],[-122.86513753642181,46.981639780229834],[-122.86496923346009,46.981586443606112],[-122.86485053726497,46.981560484660839],[-122.86467600897831,46.981547060552778],[-122.86460768671103,46.981541805881356],[-122.86408218933784,46.981543124145695],[-122.86401572748154,46.981547792921781],[-122.86360650444544,46.98157654590554],[-122.86276588256213,46.981645845705359],[-122.86256779775375,46.981701965876979],[-122.86248091539443,46.981769088640704],[-122.8624224916633,46.981768033911102],[-122.86239704059467,46.981813832200118],[-122.86231954293511,46.981953284803858],[-122.86227169237489,46.982039388614893],[-122.8620396413673,46.982602066643913],[-122.86205241810558,46.982739671295157],[-122.86208173552322,46.983055398332496],[-122.86212129373507,46.983481416242405],[-122.86220537245239,46.984419426643626],[-122.8624663959245,46.984797515782816],[-122.86252526342338,46.984882782186745],[-122.862723998612,46.985053584227806],[-122.86292567668148,46.985226912988438],[-122.86314020065953,46.985287187372855],[-122.86331579704307,46.985336524120598],[-122.86347857895906,46.985343310463051],[-122.86378715924234,46.985356173502808],[-122.86523868223124,46.98512494533712],[-122.86553502566369,46.985144249779481],[-122.86648651043284,46.985330402684561],[-122.86730592758389,46.985431035842296],[-122.86791817256913,46.985496833305888],[-122.86799564327924,46.985505159021166],[-122.86818151728792,46.985824344370542],[-122.86815171118681,46.98595458577563],[-122.86814228516454,46.985995776436013],[-122.86807346253568,46.986296499283959],[-122.86770085752548,46.986597843660959],[-122.86739995424466,46.986696817415883],[-122.86732002125237,46.986723109069679],[-122.86730637763982,46.986785187078986],[-122.86724872106996,46.987047533923842],[-122.86725400585875,46.987168008047398],[-122.86726802856033,46.987487636321838],[-122.86767138559766,46.987850813606109],[-122.86771444544247,46.987889583516754],[-122.86775348712305,46.987962709345119],[-122.86799447367272,46.988414089209655],[-122.86791675053604,46.988697225175251],[-122.86800023007707,46.989068679570863],[-122.86801512953437,46.989123876465591],[-122.86807133712172,46.989332090010151],[-122.86814524960498,46.989605885582193],[-122.86820824306595,46.990109608513691],[-122.86825911915206,46.990239286766801],[-122.86839326457344,46.990582808318031],[-122.86856318360439,46.990798885180112],[-122.8685669700033,46.990803699596306],[-122.86882274282257,46.99094472864833],[-122.86886120329315,46.990965934812948],[-122.86932165814824,46.991181062813617],[-122.86969987223905,46.991397650127269],[-122.87003868172992,46.991643178985747],[-122.8704247417064,46.992028013554204],[-122.87057502536187,46.992134505375326],[-122.87084795510475,46.992327904680685],[-122.87110107789394,46.992491003517038],[-122.87151433256905,46.992566680605101],[-122.87204952096752,46.992611729459874],[-122.87204991263299,46.99261175274377],[-122.87252129729015,46.992639861307993],[-122.87274843271646,46.99265340395182],[-122.87332294935811,46.992669462476492],[-122.87336570916561,46.992679429200308],[-122.87365433157822,46.992746703618501],[-122.87370945669562,46.992909375328814],[-122.87374878044717,46.993025416009594],[-122.87374240510361,46.993118807548768],[-122.87372384231661,46.99339070081767],[-122.87367880887307,46.993542024153363],[-122.87358100030492,46.993870673375135],[-122.87355201885724,46.99419886348965],[-122.8735332728139,46.994411148352739],[-122.87354568483617,46.994453649216958],[-122.87359769279955,46.994631722354434],[-122.87360190050833,46.995183006326322],[-122.87370432012884,46.995576207561399],[-122.87371744990502,46.99562227218631],[-122.87375334748208,46.995645907073765],[-122.87385401987935,46.995712343262007],[-122.87389592179578,46.99573993430333],[-122.87408080406442,46.995861671209227],[-122.87414991145923,46.995809537408626],[-122.8741530438846,46.995807174233924],[-122.87420034826914,46.995822176133196],[-122.87440249795416,46.99584551561226],[-122.8746123947102,46.995869749618564],[-122.87505661071988,46.995720182128771],[-122.87508651294073,46.995698443577183],[-122.87525519768649,46.995575811757035],[-122.87527745883754,46.995406102700755],[-122.87550304916157,46.995406302441694],[-122.87571183739654,46.995406486865029],[-122.87571002010472,46.995496967588878],[-122.87569789195007,46.996234023035214],[-122.87569671515705,46.996312653511829],[-122.87569755328519,46.996448723003759],[-122.87570292970219,46.997138654358643],[-122.87570292431228,46.99715047300004],[-122.87570330250303,46.997169850909906],[-122.87570275632731,46.997425748576248],[-122.87570626155356,46.998070340046716],[-122.87570654811614,46.998123094728093],[-122.87570666220218,46.998144883144981],[-122.87570819742299,46.998466990795471],[-122.87570884241337,46.998602567119704],[-122.87570898165224,46.998631045033328],[-122.87570984493323,46.998793114350846],[-122.87571072438392,46.998957782086883],[-122.87571160383456,46.999122591452483],[-122.87571321990376,46.999425660436856],[-122.87571343729604,46.999466259305606],[-122.8757155734898,46.999865315987776],[-122.87571601725756,46.999946996407267],[-122.87571617446274,46.999977753886931],[-122.87571809236589,47.000335866103036],[-122.87572034174732,47.000760431561652],[-122.8757234553081,47.00118097230385],[-122.87572382002412,47.001289903163602],[-122.87572424762219,47.001373038248452],[-122.87572621583098,47.001734085410661],[-122.87656300909454,47.001731231168989],[-122.87672178272774,47.001730696955882],[-122.87707620583657,47.001729512130048],[-122.87724271396438,47.001728925230744],[-122.87758142553889,47.001727793703644],[-122.87780369119804,47.001727023015434],[-122.87822076550974,47.001725616417488],[-122.87824449540632,47.001725530036694],[-122.87824365727815,47.001572484487653],[-122.87829175936666,47.001572352159243],[-122.87860156674856,47.001571276990923],[-122.8790825714641,47.001569594704669],[-122.88000554370613,47.001566413308922],[-122.88000840663693,47.002004083487606],[-122.87984807263008,47.00200468202376],[-122.87985016750132,47.002278355699055],[-122.88084531937643,47.002275297482818],[-122.88082499768808,47.002768564912877],[-122.88080807522475,47.003426493391856],[-122.88080699724642,47.003467247886412],[-122.88081170352018,47.003660156523772],[-122.88235324129383,47.003655095772324],[-122.88252632958111,47.003654500317708],[-122.88252625681758,47.003640106486529],[-122.88470896712523,47.003632957352941],[-122.88629913340016,47.003627846365028],[-122.88868261537719,47.003633502573969],[-122.88868872302281,47.005361276364269],[-122.88869156888562,47.006166428492349],[-122.88869179526108,47.006248728396017],[-122.88869210697649,47.006344743769077],[-122.88869386947107,47.006838534127489],[-122.88869505884051,47.007194942137133],[-122.88869618083631,47.007538072915239],[-122.88869694709926,47.007770567062082],[-122.88837647312164,47.007769777471673],[-122.88720762659644,47.007766891086717],[-122.88720163932507,47.008944623032811],[-122.88719949324987,47.009357340278996],[-122.88712488367395,47.009357791110105],[-122.88652376701842,47.009361422260376],[-122.88645437306104,47.009408461805322],[-122.88573748512495,47.009414486152174],[-122.88508522288873,47.009415685508586],[-122.88496895394151,47.009415894997836],[-122.88460828394821,47.009416549804776],[-122.88448801659962,47.009416978583864],[-122.88448437842275,47.010832172184116],[-122.88448341632706,47.011147462542752],[-122.88448326720675,47.011196944474129],[-122.88448170054487,47.011716995672899],[-122.88448091541731,47.011977507545517],[-122.88447801565556,47.012939423561477],[-122.88448288362611,47.013090025747871],[-122.88516323079138,47.013087833612332],[-122.88538003649026,47.013087047775485],[-122.8854929870608,47.013086638625857],[-122.88582275051677,47.013082918303908],[-122.88615149348655,47.013082372566863],[-122.88632399786891,47.01308366004082],[-122.88645996417536,47.013081877667219],[-122.88665798610164,47.013081524254986],[-122.88686442344552,47.013081316617644],[-122.88722659991356,47.013080797218038],[-122.8872272143612,47.013313531837142],[-122.88722699337566,47.013527516378666],[-122.8872270670375,47.013718810905544],[-122.88722673915242,47.013936371988251],[-122.88722667447371,47.014168693737474],[-122.8872266322529,47.014390162476211],[-122.88722567644544,47.014445727655968],[-122.88722598456758,47.014581306304855],[-122.88722633670717,47.014724126581768],[-122.88722534227215,47.014793303781524],[-122.88684813249783,47.01479369821859],[-122.88674727325099,47.01479376497889],[-122.88670319022503,47.014793794377916],[-122.88632423412582,47.014794071831311],[-122.88628114912815,47.014794106130218],[-122.88621397580616,47.014793959135012],[-122.88621499719063,47.014992282818902],[-122.8862159997105,47.015191127595209],[-122.88621701301014,47.015389286886226],[-122.8862176094915,47.015507222119695],[-122.88621801552998,47.015588131409153],[-122.88621921747584,47.015812344856052],[-122.8862195157165,47.015872683965462],[-122.88621962620928,47.015904226033513],[-122.88622123239703,47.01622992037678],[-122.8860788844588,47.016229491652375],[-122.88592147895977,47.016229263815966],[-122.88577107223512,47.016228588881283],[-122.88560063397794,47.016228355532682],[-122.88540109389882,47.016227462561012],[-122.88527977282644,47.016227090795653],[-122.88504014003789,47.016226394424727],[-122.8849799807616,47.016226211298154],[-122.88454222813041,47.016224935536727],[-122.88454728923871,47.016582301270269],[-122.88612312828317,47.016590776482531],[-122.88617250687771,47.016590431055491],[-122.88617370343368,47.016942679116958],[-122.88617427476218,47.017107246201363],[-122.88617484698901,47.017271812166072],[-122.88617541921586,47.017436378848522],[-122.8861760444433,47.017616183332812],[-122.88676301892131,47.017613088635379],[-122.88675422621128,47.018108450460097],[-122.88729949280895,47.01811114459187],[-122.88730069655145,47.017946541405067],[-122.88730185897141,47.017781940773119],[-122.88730302049309,47.017617338408805],[-122.8873042143541,47.017452517505141],[-122.88730538575723,47.017288134607817],[-122.88676881395318,47.017286636551965],[-122.8867746565958,47.016957475421279],[-122.88678001414816,47.016655681815855],[-122.8870584254109,47.016657135792435],[-122.88714249065349,47.016657376488645],[-122.88731061934207,47.016657831545309],[-122.8873077824624,47.016959587778835],[-122.88737079029643,47.016958878555869],[-122.88755993776604,47.016960284140239],[-122.88789619693983,47.016961204660142],[-122.88789613854932,47.016660027821494],[-122.88798210372875,47.016659969637963],[-122.88823429676162,47.016660609657045],[-122.88848644577703,47.016661220890647],[-122.88873868013239,47.016661830286786],[-122.88873583247293,47.016963230661347],[-122.88907035430496,47.016963972956837],[-122.88940837507502,47.016965422637803],[-122.88966022405315,47.016965874017146],[-122.88965911193883,47.017130474102494],[-122.8896589116145,47.017157907706952],[-122.88965795760365,47.017295076130267],[-122.88965739974988,47.017377376035178],[-122.88965684369272,47.017459677038161],[-122.88906756323938,47.017457630844945],[-122.88906663078812,47.017622535025673],[-122.88906570372673,47.017786513904376],[-122.88847867445151,47.017785310448787],[-122.88847983237989,47.017620708707369],[-122.88789632450059,47.017619294566153],[-122.88789638828096,47.017951569567913],[-122.88847755874392,47.017949911682848],[-122.88906476858052,47.017951916823471],[-122.88965340673843,47.017953152122352],[-122.88965456107358,47.017788550285879],[-122.88965570193399,47.017623647230259],[-122.89024409754678,47.017624744123601],[-122.89024639992884,47.017407147234188],[-122.89074980862755,47.017407756009405],[-122.89075115430383,47.017215610526954],[-122.89024842562982,47.017215690758178],[-122.89025073609675,47.016997335207925],[-122.89075261945607,47.016996143371202],[-122.89074708493561,47.016681400168743],[-122.89090567441419,47.016678110042918],[-122.8911432419759,47.016673180365977],[-122.89132197168314,47.016669471318146],[-122.89133574914464,47.01708090825047],[-122.89158897434179,47.017082485931098],[-122.89158809578943,47.017053608733868],[-122.89202964649766,47.017055473656193],[-122.89201720213603,47.016671727614778],[-122.89233501081219,47.016672622416429],[-122.89241446679905,47.016672894347934],[-122.89281075499341,47.01667424359367],[-122.89282030318657,47.016948518264989],[-122.89283176479128,47.017277588195597],[-122.89243447946698,47.017276231615703],[-122.89239471104935,47.017276096876387],[-122.89219606838721,47.017275417667761],[-122.89203719414266,47.017274873810898],[-122.8920390168244,47.017320119254222],[-122.89204186538215,47.017411999674707],[-122.89204653841827,47.017549125186335],[-122.89204777270346,47.017585491128756],[-122.89205680975523,47.017850445221882],[-122.89161227753856,47.017848715065185],[-122.89161736918959,47.018016093532552],[-122.89161737188455,47.018040466918571],[-122.89091343585824,47.018038824347364],[-122.89091495760434,47.017846867319051],[-122.8907468136444,47.017847103722758],[-122.8902417358759,47.017847815383696],[-122.89023533358286,47.018452797245494],[-122.8909102315676,47.018450060260349],[-122.89090856159952,47.018667804171308],[-122.89153892201078,47.018670800205484],[-122.891537418231,47.018890268439797],[-122.89090682515607,47.018888676114216],[-122.89090856159952,47.018667804171308]]]},"properties":{"OBJECTID":86,"JurisdictionName":"TUMWATER","CREATE_DATE":null,"EDIT_DATE":null,"GlobalID":"{E60843AD-DD49-4273-858D-25BFA6A7A371}"}}]}